ModuleName,Layer,TargetSkill,SecondarySkill,RouteConfidence,RouteReason,PrimaryAliases,ExcludeTerms,RelativeBuildCsPath
AITestSuite,Developer,unreal-module-build,unreal-cpp-foundations,medium,domain_mapping,aitestsuite|unreal|module|aitest,email|translation|copywriting,Developer\AITestSuite\AITestSuite.Build.cs
AndroidDeviceDetection,Developer,unreal-module-build,unreal-cpp-foundations,medium,domain_mapping,androiddevicedetection|unreal|module|android,email|translation|copywriting,Developer\Android\AndroidDeviceDetection\AndroidDeviceDetection.Build.cs
AndroidPlatformEditor,Developer,unreal-module-build,unreal-cpp-foundations,medium,domain_mapping,androidplatformeditor|unreal|module|android,email|translation|copywriting,Developer\Android\AndroidPlatformEditor\AndroidPlatformEditor.Build.cs
AndroidTargetPlatform,Developer,unreal-module-build,unreal-cpp-foundations,medium,domain_mapping,androidtargetplatform|unreal|module|android,email|translation|copywriting,Developer\Android\AndroidTargetPlatform\AndroidTargetPlatform.Build.cs
AndroidTargetPlatformControls,Developer,unreal-module-build,unreal-cpp-foundations,medium,domain_mapping,androidtargetplatformcontrols|unreal|module|android,email|translation|copywriting,Developer\Android\AndroidTargetPlatformControls\AndroidTargetPlatformControls.Build.cs
AndroidTargetPlatformSettings,Developer,unreal-module-build,unreal-cpp-foundations,medium,domain_mapping,androidtargetplatformsettings|unreal|module|android,email|translation|copywriting,Developer\Android\AndroidTargetPlatformSettings\AndroidTargetPlatformSettings.Build.cs
AnimationDataController,Developer,unreal-cpp-foundations,unreal-module-build,medium,domain_mapping,animationdatacontroller|animation|skeletal|rig,email|translation|copywriting,Developer\AnimationDataController\AnimationDataController.build.cs
AnimationWidgets,Developer,unreal-cpp-foundations,unreal-module-build,medium,domain_mapping,animationwidgets|animation|skeletal|rig,email|translation|copywriting,Developer\AnimationWidgets\AnimationWidgets.Build.cs
AssetTools,Developer,unreal-testing-debugging,unreal-module-build,high,module_override,assettools|asset|cook|package,email|translation|copywriting,Developer\AssetTools\AssetTools.Build.cs
AudioFormatADPCM,Developer,unreal-cpp-foundations,unreal-module-build,medium,domain_mapping,audioformatadpcm|audio|sound|metasound,email|translation|copywriting,Developer\AudioFormatADPCM\AudioFormatADPCM.Build.cs
AudioFormatBink,Developer,unreal-cpp-foundations,unreal-module-build,medium,domain_mapping,audioformatbink|audio|sound|metasound,email|translation|copywriting,Developer\AudioFormatBink\AudioFormatBink.Build.cs
AudioFormatOgg,Developer,unreal-cpp-foundations,unreal-module-build,medium,domain_mapping,audioformatogg|audio|sound|metasound,email|translation|copywriting,Developer\AudioFormatOgg\AudioFormatOgg.Build.cs
AudioFormatOpus,Developer,unreal-cpp-foundations,unreal-module-build,medium,domain_mapping,audioformatopus|audio|sound|metasound,email|translation|copywriting,Developer\AudioFormatOpus\AudioFormatOpus.Build.cs
AudioFormatRad,Developer,unreal-cpp-foundations,unreal-module-build,medium,domain_mapping,audioformatrad|audio|sound|metasound,email|translation|copywriting,Developer\AudioFormatRad\AudioFormatRad.Build.cs
AudioSettingsEditor,Developer,unreal-cpp-foundations,unreal-module-build,medium,domain_mapping,audiosettingseditor|audio|sound|metasound,email|translation|copywriting,Developer\AudioSettingsEditor\AudioSettingsEditor.Build.cs
AutomationController,Developer,unreal-module-build,unreal-cpp-foundations,medium,domain_mapping,automationcontroller|unreal|module|automation,email|translation|copywriting,Developer\AutomationController\AutomationController.Build.cs
AutomationDriver,Developer,unreal-module-build,unreal-cpp-foundations,medium,domain_mapping,automationdriver|unreal|module|automation,email|translation|copywriting,Developer\AutomationDriver\AutomationDriver.Build.cs
AutomationWindow,Developer,unreal-module-build,unreal-cpp-foundations,medium,domain_mapping,automationwindow|unreal|module|automation,email|translation|copywriting,Developer\AutomationWindow\AutomationWindow.Build.cs
BlankModule,Developer,unreal-module-build,unreal-cpp-foundations,medium,domain_mapping,blankmodule|unreal|module|blank,email|translation|copywriting,Developer\BlankModule\BlankModule.Build.cs
BSPUtils,Developer,unreal-module-build,unreal-cpp-foundations,medium,domain_mapping,bsputils|unreal|module,email|translation|copywriting,Developer\BSPUtils\BSPUtils.Build.cs
CollectionManager,Developer,unreal-module-build,unreal-cpp-foundations,medium,domain_mapping,collectionmanager|unreal|module|collection,email|translation|copywriting,Developer\CollectionManager\CollectionManager.Build.cs
CollisionAnalyzer,Developer,unreal-physics-collision,unreal-cpp-foundations,medium,domain_mapping,collisionanalyzer|physics|chaos|collision,email|translation|copywriting,Developer\CollisionAnalyzer\CollisionAnalyzer.Build.cs
CookedEditor,Developer,unreal-module-build,unreal-cpp-foundations,medium,domain_mapping,cookededitor|unreal|module|cooked,email|translation|copywriting,Developer\CookedEditor\CookedEditor.Build.cs
CookMetadata,Developer,unreal-testing-debugging,unreal-module-build,medium,domain_mapping,cookmetadata|asset|cook|package,email|translation|copywriting,Developer\CookMetadata\CookMetadata.Build.cs
CookOnTheFlyNetServer,Developer,unreal-testing-debugging,unreal-module-build,high,module_override,cookontheflynetserver|network|online|replication,email|translation|copywriting,Developer\CookOnTheFlyNetServer\CookOnTheFlyNetServer.Build.cs
CQTest,Developer,unreal-module-build,unreal-cpp-foundations,medium,domain_mapping,cqtest|unreal|module,email|translation|copywriting,Developer\CQTest\CQTest.Build.cs
CrashDebugHelper,Developer,unreal-module-build,unreal-cpp-foundations,medium,domain_mapping,crashdebughelper|unreal|module|crash,email|translation|copywriting,Developer\CrashDebugHelper\CrashDebugHelper.Build.cs
CSVUtils,Developer,unreal-module-build,unreal-cpp-foundations,medium,domain_mapping,csvutils|unreal|module,email|translation|copywriting,Developer\CSVUtils\CSVUtils.build.cs
DatasmithExporter,Developer,unreal-module-build,unreal-cpp-foundations,medium,domain_mapping,datasmithexporter|unreal|module|datasmith,email|translation|copywriting,Developer\Datasmith\DatasmithExporter\DatasmithExporter.Build.cs
DatasmithExporterUI,Developer,unreal-umg-lifecycle,unreal-cpp-foundations,medium,domain_mapping,datasmithexporterui|ui|umg|slate,email|translation|copywriting,Developer\Datasmith\DatasmithExporterUI\DatasmithExporterUI.Build.cs
DatasmithFacade,Developer,unreal-module-build,unreal-cpp-foundations,medium,domain_mapping,datasmithfacade|unreal|module|datasmith,email|translation|copywriting,Developer\Datasmith\DatasmithFacade\DatasmithFacade.Build.cs
DerivedDataCache,Developer,unreal-module-build,unreal-cpp-foundations,medium,domain_mapping,deriveddatacache|unreal|module|derived,email|translation|copywriting,Developer\DerivedDataCache\DerivedDataCache.Build.cs
DesktopPlatform,Developer,unreal-module-build,unreal-cpp-foundations,medium,domain_mapping,desktopplatform|unreal|module|desktop,email|translation|copywriting,Developer\DesktopPlatform\DesktopPlatform.Build.cs
DesktopWidgets,Developer,unreal-module-build,unreal-cpp-foundations,medium,domain_mapping,desktopwidgets|unreal|module|desktop,email|translation|copywriting,Developer\DesktopWidgets\DesktopWidgets.Build.cs
DeveloperToolSettings,Developer,unreal-module-build,unreal-cpp-foundations,medium,domain_mapping,developertoolsettings|unreal|module|tool,email|translation|copywriting,Developer\DeveloperToolSettings\DeveloperToolSettings.Build.cs
DevHttp,Developer,unreal-serialization-savegames,unreal-cpp-foundations,medium,domain_mapping,devhttp|network|online|replication,email|translation|copywriting,Developer\DevHttp\DevHttp.Build.cs
DeviceManager,Developer,unreal-module-build,unreal-cpp-foundations,medium,domain_mapping,devicemanager|unreal|module|device,email|translation|copywriting,Developer\DeviceManager\DeviceManager.Build.cs
DirectoryWatcher,Developer,unreal-module-build,unreal-cpp-foundations,medium,domain_mapping,directorywatcher|unreal|module|directory,email|translation|copywriting,Developer\DirectoryWatcher\DirectoryWatcher.Build.cs
DistributedBuildInterface,Developer,unreal-module-build,unreal-cpp-foundations,medium,domain_mapping,distributedbuildinterface|unreal|module|distributed,email|translation|copywriting,Developer\DistributedBuildInterface\DistributedBuildInterface.build.cs
DrawPrimitiveDebugger,Developer,unreal-module-build,unreal-cpp-foundations,medium,domain_mapping,drawprimitivedebugger|unreal|module|draw,email|translation|copywriting,Developer\DrawPrimitiveDebugger\DrawPrimitiveDebugger.Build.cs
EditorAnalyticsSession,Developer,unreal-module-build,unreal-cpp-foundations,medium,domain_mapping,editoranalyticssession|unreal|module|analytics,email|translation|copywriting,Developer\EditorAnalyticsSession\EditorAnalyticsSession.Build.cs
ExternalImagePicker,Developer,unreal-module-build,unreal-cpp-foundations,medium,domain_mapping,externalimagepicker|unreal|module|external,email|translation|copywriting,Developer\ExternalImagePicker\ExternalImagePicker.Build.cs
FileUtilities,Developer,unreal-module-build,unreal-cpp-foundations,medium,domain_mapping,fileutilities|unreal|module|file,email|translation|copywriting,Developer\FileUtilities\FileUtilities.Build.cs
FunctionalTesting,Developer,unreal-module-build,unreal-cpp-foundations,medium,domain_mapping,functionaltesting|unreal|module|functional,email|translation|copywriting,Developer\FunctionalTesting\FunctionalTesting.Build.cs
GeometryProcessingInterfaces,Developer,unreal-module-build,unreal-cpp-foundations,medium,domain_mapping,geometryprocessinginterfaces|unreal|module|geometry,email|translation|copywriting,Developer\GeometryProcessingInterfaces\GeometryProcessingInterfaces.Build.cs
GraphColor,Developer,unreal-module-build,unreal-cpp-foundations,medium,domain_mapping,graphcolor|unreal|module|graph,email|translation|copywriting,Developer\GraphColor\GraphColor.Build.cs
HierarchicalLODUtilities,Developer,unreal-module-build,unreal-cpp-foundations,medium,domain_mapping,hierarchicallodutilities|unreal|module|hierarchical,email|translation|copywriting,Developer\HierarchicalLODUtilities\HierarchicalLODUtilities.Build.cs
Horde,Developer,unreal-module-build,unreal-cpp-foundations,medium,domain_mapping,horde|unreal|module,email|translation|copywriting,Developer\Horde\Horde.Build.cs
HotReload,Developer,unreal-module-build,unreal-cpp-foundations,medium,domain_mapping,hotreload|unreal|module|hot,email|translation|copywriting,Developer\HotReload\HotReload.Build.cs
IOSPlatformEditor,Developer,unreal-module-build,unreal-cpp-foundations,medium,domain_mapping,iosplatformeditor|unreal|module|iosplatform,email|translation|copywriting,Developer\IOS\IOSPlatformEditor\IOSPlatformEditor.Build.cs
IOSTargetPlatform,Developer,unreal-module-build,unreal-cpp-foundations,medium,domain_mapping,iostargetplatform|unreal|module|iostarget,email|translation|copywriting,Developer\IOS\IOSTargetPlatform\IOSTargetPlatform.Build.cs
IOSTargetPlatformControls,Developer,unreal-module-build,unreal-cpp-foundations,medium,domain_mapping,iostargetplatformcontrols|unreal|module|iostarget,email|translation|copywriting,Developer\IOS\IOSTargetPlatformControls\IOSTargetPlatformControls.Build.cs
IOSTargetPlatformSettings,Developer,unreal-module-build,unreal-cpp-foundations,medium,domain_mapping,iostargetplatformsettings|unreal|module|iostarget,email|translation|copywriting,Developer\IOS\IOSTargetPlatformSettings\IOSTargetPlatformSettings.Build.cs
IoStoreUtilities,Developer,unreal-module-build,unreal-cpp-foundations,medium,domain_mapping,iostoreutilities|unreal|module|store,email|translation|copywriting,Developer\IoStoreUtilities\IoStoreUtilities.Build.cs
LauncherServices,Developer,unreal-module-build,unreal-cpp-foundations,medium,domain_mapping,launcherservices|unreal|module|launcher,email|translation|copywriting,Developer\LauncherServices\LauncherServices.Build.cs
LegacyProjectLauncher,Developer,unreal-module-build,unreal-cpp-foundations,medium,domain_mapping,legacyprojectlauncher|unreal|module|legacy,email|translation|copywriting,Developer\LegacyProjectLauncher\LegacyProjectLauncher.Build.cs
LinuxArm64TargetPlatform,Developer,unreal-module-build,unreal-cpp-foundations,medium,domain_mapping,linuxarm64targetplatform|unreal|module|linux,email|translation|copywriting,Developer\Linux\LinuxArm64TargetPlatform\LinuxArm64TargetPlatform.Build.cs
LinuxArm64TargetPlatformControls,Developer,unreal-module-build,unreal-cpp-foundations,medium,domain_mapping,linuxarm64targetplatformcontrols|unreal|module|linux,email|translation|copywriting,Developer\Linux\LinuxArm64TargetPlatformControls\LinuxArm64TargetPlatformControls.Build.cs
LinuxArm64TargetPlatformSettings,Developer,unreal-module-build,unreal-cpp-foundations,medium,domain_mapping,linuxarm64targetplatformsettings|unreal|module|linux,email|translation|copywriting,Developer\Linux\LinuxArm64TargetPlatformSettings\LinuxArm64TargetPlatformSettings.Build.cs
LinuxPlatformEditor,Developer,unreal-module-build,unreal-cpp-foundations,medium,domain_mapping,linuxplatformeditor|unreal|module|linux,email|translation|copywriting,Developer\Linux\LinuxPlatformEditor\LinuxPlatformEditor.Build.cs
LinuxTargetPlatform,Developer,unreal-module-build,unreal-cpp-foundations,medium,domain_mapping,linuxtargetplatform|unreal|module|linux,email|translation|copywriting,Developer\Linux\LinuxTargetPlatform\LinuxTargetPlatform.Build.cs
LinuxTargetPlatformControls,Developer,unreal-module-build,unreal-cpp-foundations,medium,domain_mapping,linuxtargetplatformcontrols|unreal|module|linux,email|translation|copywriting,Developer\Linux\LinuxTargetPlatformControls\LinuxTargetPlatformControls.Build.cs
LinuxTargetPlatformSettings,Developer,unreal-module-build,unreal-cpp-foundations,medium,domain_mapping,linuxtargetplatformsettings|unreal|module|linux,email|translation|copywriting,Developer\Linux\LinuxTargetPlatformSettings\LinuxTargetPlatformSettings.Build.cs
LiveCoding,Developer,unreal-module-build,unreal-cpp-foundations,medium,domain_mapping,livecoding|unreal|module|live,email|translation|copywriting,Developer\Windows\LiveCoding\LiveCoding.Build.cs
LiveCodingServer,Developer,unreal-module-build,unreal-cpp-foundations,medium,domain_mapping,livecodingserver|unreal|module|live,email|translation|copywriting,Developer\Windows\LiveCodingServer\LiveCodingServer.Build.cs
Localization,Developer,unreal-module-build,unreal-cpp-foundations,medium,domain_mapping,localization|unreal|module,email|translation|copywriting,Developer\Localization\Localization.Build.cs
LocalizationService,Developer,unreal-module-build,unreal-cpp-foundations,medium,domain_mapping,localizationservice|unreal|module|localization,email|translation|copywriting,Developer\LocalizationService\LocalizationService.Build.cs
LogVisualizer,Developer,unreal-module-build,unreal-cpp-foundations,medium,domain_mapping,logvisualizer|unreal|module|log,email|translation|copywriting,Developer\LogVisualizer\LogVisualizer.Build.cs
LowLevelTestsRunner,Developer,unreal-module-build,unreal-cpp-foundations,medium,domain_mapping,lowleveltestsrunner|unreal|module|low,email|translation|copywriting,Developer\LowLevelTestsRunner\LowLevelTestsRunner.Build.cs
MacPlatformEditor,Developer,unreal-module-build,unreal-cpp-foundations,medium,domain_mapping,macplatformeditor|unreal|module|mac,email|translation|copywriting,Developer\Mac\MacPlatformEditor\MacPlatformEditor.Build.cs
MacTargetPlatform,Developer,unreal-module-build,unreal-cpp-foundations,medium,domain_mapping,mactargetplatform|unreal|module|mac,email|translation|copywriting,Developer\Mac\MacTargetPlatform\MacTargetPlatform.Build.cs
MacTargetPlatformControls,Developer,unreal-module-build,unreal-cpp-foundations,medium,domain_mapping,mactargetplatformcontrols|unreal|module|mac,email|translation|copywriting,Developer\Mac\MacTargetPlatformControls\MacTargetPlatformControls.Build.cs
MacTargetPlatformSettings,Developer,unreal-module-build,unreal-cpp-foundations,medium,domain_mapping,mactargetplatformsettings|unreal|module|mac,email|translation|copywriting,Developer\Mac\MacTargetPlatformSettings\MacTargetPlatformSettings.Build.cs
MassEntityTestSuite,Developer,unreal-cpp-foundations,unreal-module-build,medium,domain_mapping,massentitytestsuite|ai|nav|mass,email|translation|copywriting,Developer\MassEntityTestSuite\MassEntityTestSuite.Build.cs
MaterialBaking,Developer,unreal-testing-debugging,unreal-module-build,medium,domain_mapping,materialbaking|render|shader|rhi,email|translation|copywriting,Developer\MaterialBaking\MaterialBaking.Build.cs
MaterialUtilities,Developer,unreal-testing-debugging,unreal-module-build,medium,domain_mapping,materialutilities|render|shader|rhi,email|translation|copywriting,Developer\MaterialUtilities\MaterialUtilities.Build.cs
Merge,Developer,unreal-module-build,unreal-cpp-foundations,medium,domain_mapping,merge|unreal|module,email|translation|copywriting,Developer\Merge\Merge.Build.cs
MeshBoneReduction,Developer,unreal-module-build,unreal-cpp-foundations,medium,domain_mapping,meshbonereduction|unreal|module|mesh,email|translation|copywriting,Developer\MeshBoneReduction\MeshBoneReduction.Build.cs
MeshBuilder,Developer,unreal-module-build,unreal-cpp-foundations,medium,domain_mapping,meshbuilder|unreal|module|mesh,email|translation|copywriting,Developer\MeshBuilder\MeshBuilder.Build.cs
MeshBuilderCommon,Developer,unreal-module-build,unreal-cpp-foundations,medium,domain_mapping,meshbuildercommon|unreal|module|mesh,email|translation|copywriting,Developer\MeshBuilderCommon\MeshBuilderCommon.Build.cs
MeshDescriptionOperations,Developer,unreal-module-build,unreal-cpp-foundations,medium,domain_mapping,meshdescriptionoperations|unreal|module|mesh,email|translation|copywriting,Developer\MeshDescriptionOperations\MeshDescriptionOperations.Build.cs
MeshMergeUtilities,Developer,unreal-module-build,unreal-cpp-foundations,medium,domain_mapping,meshmergeutilities|unreal|module|mesh,email|translation|copywriting,Developer\MeshMergeUtilities\MeshMergeUtilities.Build.cs
MeshReductionInterface,Developer,unreal-module-build,unreal-cpp-foundations,medium,domain_mapping,meshreductioninterface|unreal|module|mesh,email|translation|copywriting,Developer\MeshReductionInterface\MeshReductionInterface.Build.cs
MeshUtilities,Developer,unreal-module-build,unreal-cpp-foundations,medium,domain_mapping,meshutilities|unreal|module|mesh,email|translation|copywriting,Developer\MeshUtilities\MeshUtilities.Build.cs
MeshUtilitiesEngine,Developer,unreal-module-build,unreal-cpp-foundations,medium,domain_mapping,meshutilitiesengine|core|engine|uobject,email|translation|copywriting,Developer\MeshUtilitiesEngine\MeshUtilitiesEngine.Build.cs
MessageLog,Developer,unreal-module-build,unreal-cpp-foundations,medium,domain_mapping,messagelog|unreal|module|message,email|translation|copywriting,Developer\MessageLog\MessageLog.Build.cs
MetalShaderFormat,Developer,unreal-testing-debugging,unreal-module-build,medium,domain_mapping,metalshaderformat|render|shader|rhi,email|translation|copywriting,Developer\Apple\MetalShaderFormat\MetalShaderFormat.Build.cs
NaniteBuilder,Developer,unreal-testing-debugging,unreal-module-build,medium,domain_mapping,nanitebuilder|render|shader|rhi,email|translation|copywriting,Developer\NaniteBuilder\NaniteBuilder.Build.cs
NaniteUtilities,Developer,unreal-testing-debugging,unreal-module-build,medium,domain_mapping,naniteutilities|render|shader|rhi,email|translation|copywriting,Developer\NaniteUtilities\NaniteUtilities.Build.cs
OutputLog,Developer,unreal-module-build,unreal-cpp-foundations,medium,domain_mapping,outputlog|unreal|module|output,email|translation|copywriting,Developer\OutputLog\OutputLog.Build.cs
PakFileUtilities,Developer,unreal-module-build,unreal-cpp-foundations,medium,domain_mapping,pakfileutilities|unreal|module|pak,email|translation|copywriting,Developer\PakFileUtilities\PakFileUtilities.Build.cs
PhysicsUtilities,Developer,unreal-physics-collision,unreal-cpp-foundations,medium,domain_mapping,physicsutilities|physics|chaos|collision,email|translation|copywriting,Developer\PhysicsUtilities\PhysicsUtilities.Build.cs
Profiler,Developer,unreal-module-build,unreal-cpp-foundations,medium,domain_mapping,profiler|unreal|module,email|translation|copywriting,Developer\Profiler\Profiler.Build.cs
ProfilerClient,Developer,unreal-module-build,unreal-cpp-foundations,medium,domain_mapping,profilerclient|unreal|module|profiler,email|translation|copywriting,Developer\ProfilerClient\ProfilerClient.Build.cs
ProfilerMessages,Developer,unreal-module-build,unreal-cpp-foundations,medium,domain_mapping,profilermessages|unreal|module|profiler,email|translation|copywriting,Developer\ProfilerMessages\ProfilerMessages.Build.cs
ProfilerService,Developer,unreal-module-build,unreal-cpp-foundations,medium,domain_mapping,profilerservice|unreal|module|profiler,email|translation|copywriting,Developer\ProfilerService\ProfilerService.Build.cs
ProfileVisualizer,Developer,unreal-module-build,unreal-cpp-foundations,medium,domain_mapping,profilevisualizer|unreal|module|profile,email|translation|copywriting,Developer\ProfileVisualizer\ProfileVisualizer.Build.cs
QuadricMeshReduction,Developer,unreal-module-build,unreal-cpp-foundations,medium,domain_mapping,quadricmeshreduction|unreal|module|mesh,email|translation|copywriting,Developer\MeshSimplifier\QuadricMeshReduction.Build.cs
S3Client,Developer,unreal-module-build,unreal-cpp-foundations,medium,domain_mapping,s3client|unreal|module|client,email|translation|copywriting,Developer\S3Client\S3Client.Build.cs
ScreenShotComparison,Developer,unreal-module-build,unreal-cpp-foundations,medium,domain_mapping,screenshotcomparison|unreal|module|screen,email|translation|copywriting,Developer\ScreenShotComparison\ScreenShotComparison.Build.cs
ScreenShotComparisonTools,Developer,unreal-module-build,unreal-cpp-foundations,medium,domain_mapping,screenshotcomparisontools|unreal|module|screen,email|translation|copywriting,Developer\ScreenShotComparisonTools\ScreenShotComparisonTools.Build.cs
ScriptDisassembler,Developer,unreal-module-build,unreal-cpp-foundations,medium,domain_mapping,scriptdisassembler|unreal|module|script,email|translation|copywriting,Developer\ScriptDisassembler\ScriptDisassembler.Build.cs
SessionFrontend,Developer,unreal-module-build,unreal-cpp-foundations,medium,domain_mapping,sessionfrontend|unreal|module|session,email|translation|copywriting,Developer\SessionFrontend\SessionFrontend.Build.cs
Settings,Developer,unreal-module-build,unreal-cpp-foundations,medium,domain_mapping,settings|unreal|module,email|translation|copywriting,Developer\Settings\Settings.Build.cs
SettingsEditor,Developer,unreal-module-build,unreal-cpp-foundations,medium,domain_mapping,settingseditor|unreal|module|settings,email|translation|copywriting,Developer\SettingsEditor\SettingsEditor.Build.cs
ShaderCompilerCommon,Developer,unreal-testing-debugging,unreal-module-build,medium,domain_mapping,shadercompilercommon|render|shader|rhi,email|translation|copywriting,Developer\ShaderCompilerCommon\ShaderCompilerCommon.Build.cs
ShaderFormatD3D,Developer,unreal-testing-debugging,unreal-module-build,medium,domain_mapping,shaderformatd3d|render|shader|rhi,email|translation|copywriting,Developer\Windows\ShaderFormatD3D\ShaderFormatD3D.Build.cs
ShaderFormatOpenGL,Developer,unreal-testing-debugging,unreal-module-build,medium,domain_mapping,shaderformatopengl|render|shader|rhi,email|translation|copywriting,Developer\ShaderFormatOpenGL\ShaderFormatOpenGL.Build.cs
ShaderFormatVectorVM,Developer,unreal-testing-debugging,unreal-module-build,medium,domain_mapping,shaderformatvectorvm|render|shader|rhi,email|translation|copywriting,Developer\ShaderFormatVectorVM\ShaderFormatVectorVM.Build.cs
ShaderPreprocessor,Developer,unreal-testing-debugging,unreal-module-build,medium,domain_mapping,shaderpreprocessor|render|shader|rhi,email|translation|copywriting,Developer\ShaderPreprocessor\ShaderPreprocessor.Build.cs
SharedSettingsWidgets,Developer,unreal-module-build,unreal-cpp-foundations,medium,domain_mapping,sharedsettingswidgets|unreal|module|shared,email|translation|copywriting,Developer\SharedSettingsWidgets\SharedSettingsWidgets.Build.cs
SkeletalMeshUtilitiesCommon,Developer,unreal-cpp-foundations,unreal-module-build,medium,domain_mapping,skeletalmeshutilitiescommon|animation|skeletal|rig,email|translation|copywriting,Developer\SkeletalMeshUtilitiesCommon\SkeletalMeshUtilitiesCommon.Build.cs
SlackIntegrations,Developer,unreal-module-build,unreal-cpp-foundations,medium,domain_mapping,slackintegrations|unreal|module|slack,email|translation|copywriting,Developer\SlackIntegrations\SlackIntegrations.Build.cs
SlateFileDialogs,Developer,unreal-umg-lifecycle,unreal-cpp-foundations,medium,domain_mapping,slatefiledialogs|ui|umg|slate,email|translation|copywriting,Developer\SlateFileDialogs\SlateFileDialogs.Build.cs
SlateFontDialog,Developer,unreal-umg-lifecycle,unreal-cpp-foundations,medium,domain_mapping,slatefontdialog|ui|umg|slate,email|translation|copywriting,Developer\SlateFontDialog\SlateFontDialog.Build.cs
SlateReflector,Developer,unreal-umg-lifecycle,unreal-cpp-foundations,medium,domain_mapping,slatereflector|ui|umg|slate,email|translation|copywriting,Developer\SlateReflector\SlateReflector.Build.cs
SourceCodeAccess,Developer,unreal-module-build,unreal-cpp-foundations,medium,domain_mapping,sourcecodeaccess|unreal|module|code,email|translation|copywriting,Developer\SourceCodeAccess\SourceCodeAccess.Build.cs
SourceControl,Developer,unreal-module-build,unreal-cpp-foundations,medium,domain_mapping,sourcecontrol|unreal|module|control,email|translation|copywriting,Developer\SourceControl\SourceControl.Build.cs
SourceControlCheckInPrompt,Developer,unreal-module-build,unreal-cpp-foundations,medium,domain_mapping,sourcecontrolcheckinprompt|unreal|module|control,email|translation|copywriting,Developer\SourceControlCheckInPrompt\SourceControlCheckInPrompt.Build.cs
SourceControlViewport,Developer,unreal-module-build,unreal-cpp-foundations,medium,domain_mapping,sourcecontrolviewport|unreal|module|control,email|translation|copywriting,Developer\SourceControlViewport\SourceControlViewport.Build.cs
StandaloneRenderer,Developer,unreal-testing-debugging,unreal-module-build,medium,domain_mapping,standalonerenderer|render|shader|rhi,email|translation|copywriting,Developer\StandaloneRenderer\StandaloneRenderer.Build.cs
StructUtilsTestSuite,Developer,unreal-module-build,unreal-cpp-foundations,medium,domain_mapping,structutilstestsuite|unreal|module|struct,email|translation|copywriting,Developer\StructUtilsTestSuite\StructUtilsTestSuite.Build.cs
TargetDeviceServices,Developer,unreal-module-build,unreal-cpp-foundations,medium,domain_mapping,targetdeviceservices|unreal|module|target,email|translation|copywriting,Developer\TargetDeviceServices\TargetDeviceServices.Build.cs
TargetPlatform,Developer,unreal-module-build,unreal-cpp-foundations,medium,domain_mapping,targetplatform|unreal|module|target,email|translation|copywriting,Developer\TargetPlatform\TargetPlatform.Build.cs
TextureBuild,Developer,unreal-module-build,unreal-cpp-foundations,medium,domain_mapping,texturebuild|unreal|module|texture,email|translation|copywriting,Developer\TextureBuild\TextureBuild.Build.cs
TextureBuildUtilities,Developer,unreal-module-build,unreal-cpp-foundations,medium,domain_mapping,texturebuildutilities|unreal|module|texture,email|translation|copywriting,Developer\TextureBuildUtilities\TextureBuildUtilities.Build.cs
TextureCompressor,Developer,unreal-module-build,unreal-cpp-foundations,medium,domain_mapping,texturecompressor|unreal|module|texture,email|translation|copywriting,Developer\TextureCompressor\TextureCompressor.Build.cs
TextureFormat,Developer,unreal-module-build,unreal-cpp-foundations,medium,domain_mapping,textureformat|unreal|module|texture,email|translation|copywriting,Developer\TextureFormat\TextureFormat.Build.cs
TextureFormatASTC,Developer,unreal-module-build,unreal-cpp-foundations,medium,domain_mapping,textureformatastc|unreal|module|texture,email|translation|copywriting,Developer\TextureFormatASTC\TextureFormatASTC.Build.cs
TextureFormatDXT,Developer,unreal-module-build,unreal-cpp-foundations,medium,domain_mapping,textureformatdxt|unreal|module|texture,email|translation|copywriting,Developer\TextureFormatDXT\TextureFormatDXT.Build.cs
TextureFormatETC2,Developer,unreal-module-build,unreal-cpp-foundations,medium,domain_mapping,textureformatetc2|unreal|module|texture,email|translation|copywriting,Developer\TextureFormatETC2\TextureFormatETC2.Build.cs
TextureFormatIntelISPCTexComp,Developer,unreal-module-build,unreal-cpp-foundations,medium,domain_mapping,textureformatintelispctexcomp|unreal|module|texture,email|translation|copywriting,Developer\TextureFormatIntelISPCTexComp\TextureFormatIntelISPCTexComp.Build.cs
TextureFormatUncompressed,Developer,unreal-module-build,unreal-cpp-foundations,medium,domain_mapping,textureformatuncompressed|unreal|module|texture,email|translation|copywriting,Developer\TextureFormatUncompressed\TextureFormatUncompressed.Build.cs
ToolMenus,Developer,unreal-module-build,unreal-cpp-foundations,medium,domain_mapping,toolmenus|unreal|module|tool,email|translation|copywriting,Developer\ToolMenus\ToolMenus.Build.cs
ToolWidgets,Developer,unreal-module-build,unreal-cpp-foundations,medium,domain_mapping,toolwidgets|unreal|module|tool,email|translation|copywriting,Developer\ToolWidgets\ToolWidgets.Build.cs
TraceAnalysis,Developer,unreal-module-build,unreal-cpp-foundations,medium,domain_mapping,traceanalysis|unreal|module|trace,email|translation|copywriting,Developer\TraceAnalysis\TraceAnalysis.Build.cs
TraceInsights,Developer,unreal-module-build,unreal-cpp-foundations,medium,domain_mapping,traceinsights|unreal|module|trace,email|translation|copywriting,Developer\TraceInsights\TraceInsights.Build.cs
TraceInsightsCore,Developer,unreal-module-build,unreal-cpp-foundations,medium,domain_mapping,traceinsightscore|core|engine|uobject,email|translation|copywriting,Developer\TraceInsightsCore\TraceInsightsCore.Build.cs
TraceInsightsFrontend,Developer,unreal-module-build,unreal-cpp-foundations,medium,domain_mapping,traceinsightsfrontend|unreal|module|trace,email|translation|copywriting,Developer\TraceInsightsFrontend\TraceInsightsFrontend.Build.cs
TraceServices,Developer,unreal-module-build,unreal-cpp-foundations,medium,domain_mapping,traceservices|unreal|module|trace,email|translation|copywriting,Developer\TraceServices\TraceServices.Build.cs
TraceTools,Developer,unreal-module-build,unreal-cpp-foundations,medium,domain_mapping,tracetools|unreal|module|trace,email|translation|copywriting,Developer\TraceTools\TraceTools.build.cs
TranslationEditor,Developer,unreal-module-build,unreal-cpp-foundations,medium,domain_mapping,translationeditor|unreal|module|translation,email|translation|copywriting,Developer\TranslationEditor\TranslationEditor.Build.cs
TreeMap,Developer,unreal-module-build,unreal-cpp-foundations,medium,domain_mapping,treemap|unreal|module|tree,email|translation|copywriting,Developer\TreeMap\TreeMap.Build.cs
TurnkeyIO,Developer,unreal-module-build,unreal-cpp-foundations,medium,domain_mapping,turnkeyio|unreal|module|turnkey,email|translation|copywriting,Developer\TurnkeyIO\TurnkeyIO.Build.cs
TVOSTargetPlatform,Developer,unreal-module-build,unreal-cpp-foundations,medium,domain_mapping,tvostargetplatform|unreal|module|tvostarget,email|translation|copywriting,Developer\IOS\TVOSTargetPlatform\TVOSTargetPlatform.Build.cs
TVOSTargetPlatformControls,Developer,unreal-module-build,unreal-cpp-foundations,medium,domain_mapping,tvostargetplatformcontrols|unreal|module|tvostarget,email|translation|copywriting,Developer\IOS\TVOSTargetPlatformControls\TVOSTargetPlatformControls.Build.cs
TVOSTargetPlatformSettings,Developer,unreal-module-build,unreal-cpp-foundations,medium,domain_mapping,tvostargetplatformsettings|unreal|module|tvostarget,email|translation|copywriting,Developer\IOS\TVOSTargetPlatformSettings\TVOSTargetPlatformSettings.Build.cs
UbaCoordinatorHorde,Developer,unreal-module-build,unreal-cpp-foundations,medium,domain_mapping,ubacoordinatorhorde|unreal|module|uba,email|translation|copywriting,Developer\UbaCoordinatorHorde\UbaCoordinatorHorde.Build.cs
UncontrolledChangelists,Developer,unreal-module-build,unreal-cpp-foundations,medium,domain_mapping,uncontrolledchangelists|unreal|module|uncontrolled,email|translation|copywriting,Developer\UncontrolledChangelists\UncontrolledChangelists.Build.cs
UndoHistory,Developer,unreal-module-build,unreal-cpp-foundations,medium,domain_mapping,undohistory|unreal|module|undo,email|translation|copywriting,Developer\UndoHistory\UndoHistory.Build.cs
UnsavedAssetsTracker,Developer,unreal-module-build,unreal-cpp-foundations,medium,domain_mapping,unsavedassetstracker|unreal|module|unsaved,email|translation|copywriting,Developer\UnsavedAssetsTracker\Source\UnsavedAssetsTracker.Build.cs
Virtualization,Developer,unreal-module-build,unreal-cpp-foundations,medium,domain_mapping,virtualization|unreal|module,email|translation|copywriting,Developer\Virtualization\Virtualization.Build.cs
VisualGraphUtils,Developer,unreal-module-build,unreal-cpp-foundations,medium,domain_mapping,visualgraphutils|unreal|module|visual,email|translation|copywriting,Developer\VisualGraphUtils\VisualGraphUtils.Build.cs
VulkanShaderFormat,Developer,unreal-testing-debugging,unreal-module-build,medium,domain_mapping,vulkanshaderformat|render|shader|rhi,email|translation|copywriting,Developer\VulkanShaderFormat\VulkanShaderFormat.Build.cs
WidgetRegistration,Developer,unreal-umg-lifecycle,unreal-cpp-foundations,medium,domain_mapping,widgetregistration|ui|umg|slate,email|translation|copywriting,Developer\WidgetRegistration\WidgetRegistration.Build.cs
WindowsPlatformEditor,Developer,unreal-module-build,unreal-cpp-foundations,medium,domain_mapping,windowsplatformeditor|unreal|module|windows,email|translation|copywriting,Developer\Windows\WindowsPlatformEditor\WindowsPlatformEditor.Build.cs
WindowsTargetPlatform,Developer,unreal-module-build,unreal-cpp-foundations,medium,domain_mapping,windowstargetplatform|unreal|module|windows,email|translation|copywriting,Developer\Windows\WindowsTargetPlatform\WindowsTargetPlatform.Build.cs
WindowsTargetPlatformControls,Developer,unreal-module-build,unreal-cpp-foundations,medium,domain_mapping,windowstargetplatformcontrols|unreal|module|windows,email|translation|copywriting,Developer\Windows\WindowsTargetPlatfomControls\WindowsTargetPlatformControls.Build.cs
WindowsTargetPlatformSettings,Developer,unreal-module-build,unreal-cpp-foundations,medium,domain_mapping,windowstargetplatformsettings|unreal|module|windows,email|translation|copywriting,Developer\Windows\WindowsTargetPlatformSettings\WindowsTargetPlatformSettings.Build.cs
Zen,Developer,unreal-module-build,unreal-cpp-foundations,medium,domain_mapping,zen|unreal|module,email|translation|copywriting,Developer\Zen\Zen.Build.cs
ActionableMessage,Editor,unreal-module-build,unreal-cpp-foundations,medium,domain_mapping,actionablemessage|unreal|module|actionable,email|translation|copywriting,Editor\ActionableMessage\ActionableMessage.build.cs
ActorPickerMode,Editor,unreal-module-build,unreal-cpp-foundations,medium,domain_mapping,actorpickermode|unreal|module|actor,email|translation|copywriting,Editor\ActorPickerMode\ActorPickerMode.Build.cs
AddContentDialog,Editor,unreal-module-build,unreal-cpp-foundations,medium,domain_mapping,addcontentdialog|unreal|module|add,email|translation|copywriting,Editor\AddContentDialog\AddContentDialog.Build.cs
AdvancedPreviewScene,Editor,unreal-module-build,unreal-cpp-foundations,medium,domain_mapping,advancedpreviewscene|unreal|module|advanced,email|translation|copywriting,Editor\AdvancedPreviewScene\AdvancedPreviewScene.Build.cs
AIGraph,Editor,unreal-module-build,unreal-cpp-foundations,medium,domain_mapping,aigraph|unreal|module,email|translation|copywriting,Editor\AIGraph\AIGraph.Build.cs
AnimationBlueprintEditor,Editor,unreal-cpp-foundations,unreal-module-build,medium,domain_mapping,animationblueprinteditor|animation|skeletal|rig,email|translation|copywriting,Editor\AnimationBlueprintEditor\AnimationBlueprintEditor.Build.cs
AnimationBlueprintLibrary,Editor,unreal-cpp-foundations,unreal-module-build,medium,domain_mapping,animationblueprintlibrary|animation|skeletal|rig,email|translation|copywriting,Editor\AnimationBlueprintLibrary\AnimationBlueprintLibrary.build.cs
AnimationEditMode,Editor,unreal-cpp-foundations,unreal-module-build,medium,domain_mapping,animationeditmode|animation|skeletal|rig,email|translation|copywriting,Editor\AnimationEditMode\AnimationEditMode.Build.cs
AnimationEditor,Editor,unreal-cpp-foundations,unreal-module-build,medium,domain_mapping,animationeditor|animation|skeletal|rig,email|translation|copywriting,Editor\AnimationEditor\AnimationEditor.Build.cs
AnimationEditorWidgets,Editor,unreal-cpp-foundations,unreal-module-build,medium,domain_mapping,animationeditorwidgets|animation|skeletal|rig,email|translation|copywriting,Editor\AnimationEditorWidgets\AnimationEditorWidgets.Build.cs
AnimationModifiers,Editor,unreal-cpp-foundations,unreal-module-build,medium,domain_mapping,animationmodifiers|animation|skeletal|rig,email|translation|copywriting,Editor\AnimationModifiers\AnimationModifiers.Build.cs
AnimationSettings,Editor,unreal-cpp-foundations,unreal-module-build,medium,domain_mapping,animationsettings|animation|skeletal|rig,email|translation|copywriting,Editor\AnimationSettings\AnimationSettings.Build.cs
AnimGraph,Editor,unreal-cpp-foundations,unreal-module-build,medium,domain_mapping,animgraph|animation|skeletal|rig,email|translation|copywriting,Editor\AnimGraph\AnimGraph.Build.cs
AssetDefinition,Editor,unreal-testing-debugging,unreal-module-build,medium,domain_mapping,assetdefinition|asset|cook|package,email|translation|copywriting,Editor\AssetDefinition\AssetDefinition.Build.cs
AssetTagsEditor,Editor,unreal-testing-debugging,unreal-module-build,medium,domain_mapping,assettagseditor|asset|cook|package,email|translation|copywriting,Editor\AssetTagsEditor\AssetTagsEditor.Build.cs
AudioEditor,Editor,unreal-cpp-foundations,unreal-module-build,medium,domain_mapping,audioeditor|audio|sound|metasound,email|translation|copywriting,Editor\AudioEditor\AudioEditor.Build.cs
BehaviorTreeEditor,Editor,unreal-cpp-foundations,unreal-module-build,medium,domain_mapping,behaviortreeeditor|ai|nav|mass,email|translation|copywriting,Editor\BehaviorTreeEditor\BehaviorTreeEditor.Build.cs
BlueprintEditorLibrary,Editor,unreal-module-build,unreal-cpp-foundations,medium,domain_mapping,blueprinteditorlibrary|unreal|module|blueprint,email|translation|copywriting,Editor\BlueprintEditorLibrary\BlueprintEditorLibrary.Build.cs
BlueprintGraph,Editor,unreal-module-build,unreal-cpp-foundations,medium,domain_mapping,blueprintgraph|unreal|module|blueprint,email|translation|copywriting,Editor\BlueprintGraph\BlueprintGraph.Build.cs
Blutility,Editor,unreal-module-build,unreal-cpp-foundations,medium,domain_mapping,blutility|unreal|module,email|translation|copywriting,Editor\Blutility\Blutility.Build.cs
ClassViewer,Editor,unreal-module-build,unreal-cpp-foundations,medium,domain_mapping,classviewer|unreal|module|class,email|translation|copywriting,Editor\ClassViewer\ClassViewer.Build.cs
ClothingSystemEditor,Editor,unreal-module-build,unreal-cpp-foundations,medium,domain_mapping,clothingsystemeditor|unreal|module|clothing,email|translation|copywriting,Editor\ClothingSystemEditor\ClothingSystemEditor.Build.cs
ClothingSystemEditorInterface,Editor,unreal-module-build,unreal-cpp-foundations,medium,domain_mapping,clothingsystemeditorinterface|unreal|module|clothing,email|translation|copywriting,Editor\ClothingSystemEditorInterface\ClothingSystemEditorInterface.Build.cs
ClothPainter,Editor,unreal-physics-collision,unreal-cpp-foundations,medium,domain_mapping,clothpainter|physics|chaos|collision,email|translation|copywriting,Editor\ClothPainter\ClothPainter.Build.cs
CommonMenuExtensions,Editor,unreal-module-build,unreal-cpp-foundations,medium,domain_mapping,commonmenuextensions|unreal|module|common,email|translation|copywriting,Editor\CommonMenuExtensions\CommonMenuExtensions.Build.cs
ComponentVisualizers,Editor,unreal-module-build,unreal-cpp-foundations,medium,domain_mapping,componentvisualizers|unreal|module|component,email|translation|copywriting,Editor\ComponentVisualizers\ComponentVisualizers.Build.cs
ConfigEditor,Editor,unreal-module-build,unreal-cpp-foundations,medium,domain_mapping,configeditor|unreal|module|config,email|translation|copywriting,Editor\ConfigEditor\ConfigEditor.Build.cs
ContentBrowser,Editor,unreal-module-build,unreal-cpp-foundations,medium,domain_mapping,contentbrowser|unreal|module|content,email|translation|copywriting,Editor\ContentBrowser\ContentBrowser.Build.cs
ContentBrowserData,Editor,unreal-module-build,unreal-cpp-foundations,medium,domain_mapping,contentbrowserdata|unreal|module|content,email|translation|copywriting,Editor\ContentBrowserData\ContentBrowserData.Build.cs
CSVtoSVG,Editor,unreal-module-build,unreal-cpp-foundations,medium,domain_mapping,csvtosvg|unreal|module|csvto,email|translation|copywriting,Editor\CSVtoSVG\CSVtoSVG.Build.cs
CurveAssetEditor,Editor,unreal-testing-debugging,unreal-module-build,medium,domain_mapping,curveasseteditor|asset|cook|package,email|translation|copywriting,Editor\CurveAssetEditor\CurveAssetEditor.Build.cs
CurveEditor,Editor,unreal-module-build,unreal-cpp-foundations,medium,domain_mapping,curveeditor|unreal|module|curve,email|translation|copywriting,Editor\CurveEditor\CurveEditor.Build.cs
CurveTableEditor,Editor,unreal-module-build,unreal-cpp-foundations,medium,domain_mapping,curvetableeditor|unreal|module|curve,email|translation|copywriting,Editor\CurveTableEditor\CurveTableEditor.Build.cs
DataHierarchyEditor,Editor,unreal-module-build,unreal-cpp-foundations,medium,domain_mapping,datahierarchyeditor|unreal|module|data,email|translation|copywriting,Editor\DataHierarchyEditor\DataHierarchyEditor.Build.cs
DataLayerEditor,Editor,unreal-module-build,unreal-cpp-foundations,medium,domain_mapping,datalayereditor|unreal|module|data,email|translation|copywriting,Editor\DataLayerEditor\DataLayerEditor.Build.cs
DataTableEditor,Editor,unreal-module-build,unreal-cpp-foundations,medium,domain_mapping,datatableeditor|unreal|module|data,email|translation|copywriting,Editor\DataTableEditor\DataTableEditor.Build.cs
DerivedDataEditor,Editor,unreal-module-build,unreal-cpp-foundations,medium,domain_mapping,deriveddataeditor|unreal|module|derived,email|translation|copywriting,Editor\DerivedDataEditor\DerivedDataEditor.Build.cs
DerivedDataWidgets,Editor,unreal-module-build,unreal-cpp-foundations,medium,domain_mapping,deriveddatawidgets|unreal|module|derived,email|translation|copywriting,Editor\DerivedDataWidgets\DerivedDataWidgets.Build.cs
DetailCustomizations,Editor,unreal-module-build,unreal-cpp-foundations,medium,domain_mapping,detailcustomizations|unreal|module|detail,email|translation|copywriting,Editor\DetailCustomizations\DetailCustomizations.Build.cs
DeviceProfileEditor,Editor,unreal-module-build,unreal-cpp-foundations,medium,domain_mapping,deviceprofileeditor|unreal|module|device,email|translation|copywriting,Editor\DeviceProfileEditor\DeviceProfileEditor.Build.cs
DeviceProfileServices,Editor,unreal-module-build,unreal-cpp-foundations,medium,domain_mapping,deviceprofileservices|unreal|module|device,email|translation|copywriting,Editor\DeviceProfileServices\DeviceProfileServices.Build.cs
DistCurveEditor,Editor,unreal-module-build,unreal-cpp-foundations,medium,domain_mapping,distcurveeditor|unreal|module|dist,email|translation|copywriting,Editor\DistCurveEditor\DistCurveEditor.Build.cs
Documentation,Editor,unreal-module-build,unreal-cpp-foundations,medium,domain_mapping,documentation|unreal|module,email|translation|copywriting,Editor\Documentation\Documentation.Build.cs
EditorConfig,Editor,unreal-module-build,unreal-cpp-foundations,medium,domain_mapping,editorconfig|unreal|module|config,email|translation|copywriting,Editor\EditorConfig\EditorConfig.Build.cs
EditorFramework,Editor,unreal-module-build,unreal-cpp-foundations,medium,domain_mapping,editorframework|unreal|module|framework,email|translation|copywriting,Editor\EditorFramework\EditorFramework.Build.cs
EditorInteractiveToolsFramework,Editor,unreal-module-build,unreal-cpp-foundations,medium,domain_mapping,editorinteractivetoolsframework|unreal|module|interactive,email|translation|copywriting,Editor\Experimental\EditorInteractiveToolsFramework\EditorInteractiveToolsFramework.Build.cs
EditorSettingsViewer,Editor,unreal-module-build,unreal-cpp-foundations,medium,domain_mapping,editorsettingsviewer|unreal|module|settings,email|translation|copywriting,Editor\EditorSettingsViewer\EditorSettingsViewer.Build.cs
EditorStyle,Editor,unreal-module-build,unreal-cpp-foundations,medium,domain_mapping,editorstyle|unreal|module|style,email|translation|copywriting,Editor\EditorStyle\EditorStyle.Build.cs
EditorSubsystem,Editor,unreal-module-build,unreal-cpp-foundations,medium,domain_mapping,editorsubsystem|unreal|module|subsystem,email|translation|copywriting,Editor\EditorSubsystem\EditorSubsystem.Build.cs
EditorWidgets,Editor,unreal-module-build,unreal-cpp-foundations,medium,domain_mapping,editorwidgets|unreal|module|widgets,email|translation|copywriting,Editor\EditorWidgets\EditorWidgets.Build.cs
EnvironmentLightingViewer,Editor,unreal-module-build,unreal-cpp-foundations,medium,domain_mapping,environmentlightingviewer|unreal|module|environment,email|translation|copywriting,Editor\EnvironmentLightingViewer\EnvironmentLightingViewer.Build.cs
FoliageEdit,Editor,unreal-module-build,unreal-cpp-foundations,medium,domain_mapping,foliageedit|unreal|module|foliage,email|translation|copywriting,Editor\FoliageEdit\FoliageEdit.build.cs
FontEditor,Editor,unreal-module-build,unreal-cpp-foundations,medium,domain_mapping,fonteditor|unreal|module|font,email|translation|copywriting,Editor\FontEditor\FontEditor.Build.cs
GameplayDebuggerEditor,Editor,unreal-cpp-foundations,unreal-module-build,medium,domain_mapping,gameplaydebuggereditor|gameplay|ability|input,email|translation|copywriting,Editor\GameplayDebugger\GameplayDebuggerEditor.Build.cs
GameplayTasksEditor,Editor,unreal-cpp-foundations,unreal-module-build,medium,domain_mapping,gameplaytaskseditor|gameplay|ability|input,email|translation|copywriting,Editor\GameplayTasksEditor\GameplayTasksEditor.Build.cs
GameProjectGeneration,Editor,unreal-module-build,unreal-cpp-foundations,medium,domain_mapping,gameprojectgeneration|unreal|module|game,email|translation|copywriting,Editor\GameProjectGeneration\GameProjectGeneration.Build.cs
GraphEditor,Editor,unreal-module-build,unreal-cpp-foundations,medium,domain_mapping,grapheditor|unreal|module|graph,email|translation|copywriting,Editor\GraphEditor\GraphEditor.Build.cs
HardwareTargeting,Editor,unreal-module-build,unreal-cpp-foundations,medium,domain_mapping,hardwaretargeting|unreal|module|hardware,email|translation|copywriting,Editor\HardwareTargeting\HardwareTargeting.Build.cs
HierarchicalLODOutliner,Editor,unreal-module-build,unreal-cpp-foundations,medium,domain_mapping,hierarchicallodoutliner|unreal|module|hierarchical,email|translation|copywriting,Editor\HierarchicalLODOutliner\HierarchicalLODOutliner.Build.cs
InputBindingEditor,Editor,unreal-cpp-foundations,unreal-module-build,medium,domain_mapping,inputbindingeditor|gameplay|ability|input,email|translation|copywriting,Editor\InputBindingEditor\InputBindingEditor.Build.cs
InternationalizationSettings,Editor,unreal-module-build,unreal-cpp-foundations,medium,domain_mapping,internationalizationsettings|unreal|module|internationalization,email|translation|copywriting,Editor\InternationalizationSettings\InternationalizationSettings.Build.cs
Kismet,Editor,unreal-module-build,unreal-cpp-foundations,medium,domain_mapping,kismet|unreal|module,email|translation|copywriting,Editor\Kismet\Kismet.Build.cs
KismetCompiler,Editor,unreal-module-build,unreal-cpp-foundations,medium,domain_mapping,kismetcompiler|unreal|module|kismet,email|translation|copywriting,Editor\KismetCompiler\KismetCompiler.Build.cs
KismetWidgets,Editor,unreal-module-build,unreal-cpp-foundations,medium,domain_mapping,kismetwidgets|unreal|module|kismet,email|translation|copywriting,Editor\KismetWidgets\KismetWidgets.Build.cs
LandscapeEditor,Editor,unreal-module-build,unreal-cpp-foundations,medium,domain_mapping,landscapeeditor|unreal|module|landscape,email|translation|copywriting,Editor\LandscapeEditor\LandscapeEditor.Build.cs
LandscapeEditorUtilities,Editor,unreal-module-build,unreal-cpp-foundations,medium,domain_mapping,landscapeeditorutilities|unreal|module|landscape,email|translation|copywriting,Editor\LandscapeEditorUtilities\LandscapeEditorUtilities.Build.cs
Layers,Editor,unreal-module-build,unreal-cpp-foundations,medium,domain_mapping,layers|unreal|module,email|translation|copywriting,Editor\Layers\Layers.Build.cs
LevelEditor,Editor,unreal-module-build,unreal-cpp-foundations,medium,domain_mapping,leveleditor|unreal|module|level,email|translation|copywriting,Editor\LevelEditor\LevelEditor.Build.cs
LevelInstanceEditor,Editor,unreal-module-build,unreal-cpp-foundations,medium,domain_mapping,levelinstanceeditor|unreal|module|level,email|translation|copywriting,Editor\LevelInstanceEditor\LevelInstanceEditor.Build.cs
LocalizationCommandletExecution,Editor,unreal-module-build,unreal-cpp-foundations,medium,domain_mapping,localizationcommandletexecution|unreal|module|localization,email|translation|copywriting,Editor\LocalizationCommandletExecution\LocalizationCommandletExecution.Build.cs
LocalizationDashboard,Editor,unreal-module-build,unreal-cpp-foundations,medium,domain_mapping,localizationdashboard|unreal|module|localization,email|translation|copywriting,Editor\LocalizationDashboard\LocalizationDashboard.Build.cs
MainFrame,Editor,unreal-module-build,unreal-cpp-foundations,medium,domain_mapping,mainframe|unreal|module|main,email|translation|copywriting,Editor\MainFrame\MainFrame.Build.cs
MassEntityDebugger,Editor,unreal-cpp-foundations,unreal-module-build,medium,domain_mapping,massentitydebugger|ai|nav|mass,email|translation|copywriting,Editor\MassEntityDebugger\MassEntityDebugger.Build.cs
MassEntityEditor,Editor,unreal-cpp-foundations,unreal-module-build,medium,domain_mapping,massentityeditor|ai|nav|mass,email|translation|copywriting,Editor\MassEntityEditor\MassEntityEditor.Build.cs
MaterialEditor,Editor,unreal-testing-debugging,unreal-module-build,medium,domain_mapping,materialeditor|render|shader|rhi,email|translation|copywriting,Editor\MaterialEditor\MaterialEditor.Build.cs
MergeActors,Editor,unreal-module-build,unreal-cpp-foundations,medium,domain_mapping,mergeactors|unreal|module|merge,email|translation|copywriting,Editor\MergeActors\MergeActors.Build.cs
MeshPaint,Editor,unreal-module-build,unreal-cpp-foundations,medium,domain_mapping,meshpaint|unreal|module|mesh,email|translation|copywriting,Editor\MeshPaint\MeshPaint.Build.cs
MovieSceneCaptureDialog,Editor,unreal-cpp-foundations,unreal-module-build,medium,domain_mapping,moviescenecapturedialog|media|movie|video,email|translation|copywriting,Editor\MovieSceneCaptureDialog\MovieSceneCaptureDialog.Build.cs
MovieSceneTools,Editor,unreal-cpp-foundations,unreal-module-build,medium,domain_mapping,moviescenetools|media|movie|video,email|translation|copywriting,Editor\MovieSceneTools\MovieSceneTools.Build.cs
NewLevelDialog,Editor,unreal-module-build,unreal-cpp-foundations,medium,domain_mapping,newleveldialog|unreal|module|new,email|translation|copywriting,Editor\NewLevelDialog\NewLevelDialog.Build.cs
NNEEditor,Editor,unreal-module-build,unreal-cpp-foundations,medium,domain_mapping,nneeditor|unreal|module,email|translation|copywriting,Editor\NNEEditor\NNEEditor.Build.cs
OverlayEditor,Editor,unreal-module-build,unreal-cpp-foundations,medium,domain_mapping,overlayeditor|unreal|module|overlay,email|translation|copywriting,Editor\OverlayEditor\OverlayEditor.Build.cs
PackagesDialog,Editor,unreal-module-build,unreal-cpp-foundations,medium,domain_mapping,packagesdialog|unreal|module|packages,email|translation|copywriting,Editor\PackagesDialog\PackagesDialog.Build.cs
Persona,Editor,unreal-module-build,unreal-cpp-foundations,medium,domain_mapping,persona|unreal|module,email|translation|copywriting,Editor\Persona\Persona.Build.cs
PhysicsAssetEditor,Editor,unreal-physics-collision,unreal-cpp-foundations,medium,domain_mapping,physicsasseteditor|physics|chaos|collision,email|translation|copywriting,Editor\PhysicsAssetEditor\PhysicsAssetEditor.Build.cs
PIEPreviewDeviceProfileSelector,Editor,unreal-module-build,unreal-cpp-foundations,medium,domain_mapping,piepreviewdeviceprofileselector|unreal|module|piepreview,email|translation|copywriting,Editor\PIEPreviewDeviceProfileSelector\PIEPreviewDeviceProfileSelector.Build.cs
PIEPreviewDeviceSpecification,Editor,unreal-module-build,unreal-cpp-foundations,medium,domain_mapping,piepreviewdevicespecification|unreal|module|piepreview,email|translation|copywriting,Editor\PIEPreviewDeviceSpecification\PIEPreviewDeviceSpecification.Build.cs
PinnedCommandList,Editor,unreal-module-build,unreal-cpp-foundations,medium,domain_mapping,pinnedcommandlist|unreal|module|pinned,email|translation|copywriting,Editor\PinnedCommandList\PinnedCommandList.Build.cs
PixelInspectorModule,Editor,unreal-module-build,unreal-cpp-foundations,medium,domain_mapping,pixelinspectormodule|unreal|module|pixel,email|translation|copywriting,Editor\PixelInspector\PixelInspectorModule.Build.cs
PlacementMode,Editor,unreal-module-build,unreal-cpp-foundations,medium,domain_mapping,placementmode|unreal|module|placement,email|translation|copywriting,Editor\PlacementMode\PlacementMode.Build.cs
PListEditor,Editor,unreal-module-build,unreal-cpp-foundations,medium,domain_mapping,plisteditor|unreal|module|plist,email|translation|copywriting,Editor\PListEditor\PListEditor.Build.cs
PluginWarden,Editor,unreal-module-build,unreal-cpp-foundations,medium,domain_mapping,pluginwarden|unreal|module|plugin,email|translation|copywriting,Editor\PluginWarden\PluginWarden.Build.cs
ProjectSettingsViewer,Editor,unreal-module-build,unreal-cpp-foundations,medium,domain_mapping,projectsettingsviewer|unreal|module|project,email|translation|copywriting,Editor\ProjectSettingsViewer\ProjectSettingsViewer.Build.cs
ProjectTargetPlatformEditor,Editor,unreal-module-build,unreal-cpp-foundations,medium,domain_mapping,projecttargetplatformeditor|unreal|module|project,email|translation|copywriting,Editor\ProjectTargetPlatformEditor\ProjectTargetPlatformEditor.Build.cs
PropertyEditor,Editor,unreal-module-build,unreal-cpp-foundations,medium,domain_mapping,propertyeditor|unreal|module|property,email|translation|copywriting,Editor\PropertyEditor\PropertyEditor.Build.cs
RenderResourceViewer,Editor,unreal-testing-debugging,unreal-module-build,medium,domain_mapping,renderresourceviewer|render|shader|rhi,email|translation|copywriting,Editor\RenderResourceViewer\RenderResourceViewer.Build.cs
RewindDebuggerInterface,Editor,unreal-module-build,unreal-cpp-foundations,medium,domain_mapping,rewinddebuggerinterface|unreal|module|rewind,email|translation|copywriting,Editor\RewindDebuggerInterface\RewindDebuggerInterface.Build.cs
SceneDepthPickerMode,Editor,unreal-module-build,unreal-cpp-foundations,medium,domain_mapping,scenedepthpickermode|unreal|module|scene,email|translation|copywriting,Editor\SceneDepthPickerMode\SceneDepthPickerMode.Build.cs
SceneOutliner,Editor,unreal-module-build,unreal-cpp-foundations,medium,domain_mapping,sceneoutliner|unreal|module|scene,email|translation|copywriting,Editor\SceneOutliner\SceneOutliner.Build.cs
ScriptableEditorWidgets,Editor,unreal-module-build,unreal-cpp-foundations,medium,domain_mapping,scriptableeditorwidgets|unreal|module|scriptable,email|translation|copywriting,Editor\ScriptableEditorWidgets\ScriptableEditorWidgets.Build.cs
Sequencer,Editor,unreal-module-build,unreal-cpp-foundations,medium,domain_mapping,sequencer|unreal|module,email|translation|copywriting,Editor\Sequencer\Sequencer.Build.cs
SequencerCore,Editor,unreal-module-build,unreal-cpp-foundations,medium,domain_mapping,sequencercore|core|engine|uobject,email|translation|copywriting,Editor\SequencerCore\SequencerCore.Build.cs
SequenceRecorder,Editor,unreal-module-build,unreal-cpp-foundations,medium,domain_mapping,sequencerecorder|unreal|module|sequence,email|translation|copywriting,Editor\SequenceRecorder\SequenceRecorder.Build.cs
SequenceRecorderSections,Editor,unreal-module-build,unreal-cpp-foundations,medium,domain_mapping,sequencerecordersections|unreal|module|sequence,email|translation|copywriting,Editor\SequenceRecorderSections\SequenceRecorderSections.Build.cs
SequencerWidgets,Editor,unreal-module-build,unreal-cpp-foundations,medium,domain_mapping,sequencerwidgets|unreal|module|sequencer,email|translation|copywriting,Editor\SequencerWidgets\SequencerWidgets.Build.cs
SerializedRecorderInterface,Editor,unreal-module-build,unreal-cpp-foundations,medium,domain_mapping,serializedrecorderinterface|unreal|module|serialized,email|translation|copywriting,Editor\SerializedRecorderInterface\SerializedRecorderInterface.Build.cs
SkeletalMeshEditor,Editor,unreal-cpp-foundations,unreal-module-build,medium,domain_mapping,skeletalmesheditor|animation|skeletal|rig,email|translation|copywriting,Editor\SkeletalMeshEditor\SkeletalMeshEditor.Build.cs
SkeletonEditor,Editor,unreal-module-build,unreal-cpp-foundations,medium,domain_mapping,skeletoneditor|unreal|module|skeleton,email|translation|copywriting,Editor\SkeletonEditor\SkeletonEditor.Build.cs
SourceControlWindowExtender,Editor,unreal-module-build,unreal-cpp-foundations,medium,domain_mapping,sourcecontrolwindowextender|unreal|module|control,email|translation|copywriting,Editor\SourceControlWindowExtender\SourceControlWindowExtender.Build.cs
SourceControlWindows,Editor,unreal-module-build,unreal-cpp-foundations,medium,domain_mapping,sourcecontrolwindows|unreal|module|control,email|translation|copywriting,Editor\SourceControlWindows\SourceControlWindows.Build.cs
SparseVolumeTexture,Editor,unreal-module-build,unreal-cpp-foundations,medium,domain_mapping,sparsevolumetexture|unreal|module|sparse,email|translation|copywriting,Editor\SparseVolumeTexture\SparseVolumeTexture.Build.cs
StaticMeshEditor,Editor,unreal-module-build,unreal-cpp-foundations,medium,domain_mapping,staticmesheditor|unreal|module|static,email|translation|copywriting,Editor\StaticMeshEditor\StaticMeshEditor.Build.cs
StatsViewer,Editor,unreal-module-build,unreal-cpp-foundations,medium,domain_mapping,statsviewer|unreal|module|stats,email|translation|copywriting,Editor\StatsViewer\StatsViewer.Build.cs
StatusBar,Editor,unreal-module-build,unreal-cpp-foundations,medium,domain_mapping,statusbar|unreal|module|status,email|translation|copywriting,Editor\StatusBar\StatusBar.Build.cs
StorageServerWidgets,Editor,unreal-module-build,unreal-cpp-foundations,medium,domain_mapping,storageserverwidgets|unreal|module|storage,email|translation|copywriting,Editor\StorageServerWidgets\StorageServerWidgets.Build.cs
StringTableEditor,Editor,unreal-module-build,unreal-cpp-foundations,medium,domain_mapping,stringtableeditor|unreal|module|string,email|translation|copywriting,Editor\StringTableEditor\StringTableEditor.Build.cs
StructUtilsEditor,Editor,unreal-module-build,unreal-cpp-foundations,medium,domain_mapping,structutilseditor|unreal|module|struct,email|translation|copywriting,Editor\StructUtilsEditor\StructUtilsEditor.Build.cs
StructViewer,Editor,unreal-module-build,unreal-cpp-foundations,medium,domain_mapping,structviewer|unreal|module|struct,email|translation|copywriting,Editor\StructViewer\StructViewer.Build.cs
SubobjectDataInterface,Editor,unreal-module-build,unreal-cpp-foundations,medium,domain_mapping,subobjectdatainterface|unreal|module|subobject,email|translation|copywriting,Editor\SubobjectDataInterface\SubobjectDataInterface.Build.cs
SubobjectEditor,Editor,unreal-module-build,unreal-cpp-foundations,medium,domain_mapping,subobjecteditor|unreal|module|subobject,email|translation|copywriting,Editor\SubobjectEditor\SubobjectEditor.Build.cs
SVGDistanceField,Editor,unreal-module-build,unreal-cpp-foundations,medium,domain_mapping,svgdistancefield|unreal|module|svgdistance,email|translation|copywriting,Editor\SVGDistanceField\SVGDistanceField.Build.cs
SwarmInterface,Editor,unreal-module-build,unreal-cpp-foundations,medium,domain_mapping,swarminterface|unreal|module|swarm,email|translation|copywriting,Editor\SwarmInterface\SwarmInterface.Build.cs
TextureEditor,Editor,unreal-module-build,unreal-cpp-foundations,medium,domain_mapping,textureeditor|unreal|module|texture,email|translation|copywriting,Editor\TextureEditor\TextureEditor.Build.cs
ToolMenusEditor,Editor,unreal-module-build,unreal-cpp-foundations,medium,domain_mapping,toolmenuseditor|unreal|module|tool,email|translation|copywriting,Editor\ToolMenusEditor\ToolMenusEditor.Build.cs
TurnkeySupport,Editor,unreal-module-build,unreal-cpp-foundations,medium,domain_mapping,turnkeysupport|unreal|module|turnkey,email|translation|copywriting,Editor\TurnkeySupport\TurnkeySupport.Build.cs
UATHelper,Editor,unreal-module-build,unreal-cpp-foundations,medium,domain_mapping,uathelper|unreal|module,email|translation|copywriting,Editor\UATHelper\UATHelper.Build.cs
UMGEditor,Editor,unreal-umg-lifecycle,unreal-cpp-foundations,medium,domain_mapping,umgeditor|ui|umg|slate,email|translation|copywriting,Editor\UMGEditor\UMGEditor.Build.cs
UndoHistoryEditor,Editor,unreal-module-build,unreal-cpp-foundations,medium,domain_mapping,undohistoryeditor|unreal|module|undo,email|translation|copywriting,Editor\UndoHistoryEditor\UndoHistoryEditor.Build.cs
UniversalObjectLocatorEditor,Editor,unreal-module-build,unreal-cpp-foundations,medium,domain_mapping,universalobjectlocatoreditor|unreal|module|universal,email|translation|copywriting,Editor\UniversalObjectLocatorEditor\UniversalObjectLocatorEditor.Build.cs
UnrealEd,Editor,unreal-module-build,unreal-cpp-foundations,medium,domain_mapping,unrealed|unreal|module,email|translation|copywriting,Editor\UnrealEd\UnrealEd.Build.cs
UnrealEdMessages,Editor,unreal-module-build,unreal-cpp-foundations,medium,domain_mapping,unrealedmessages|unreal|module|messages,email|translation|copywriting,Editor\UnrealEdMessages\UnrealEdMessages.Build.cs
ViewportInteraction,Editor,unreal-module-build,unreal-cpp-foundations,medium,domain_mapping,viewportinteraction|unreal|module|viewport,email|translation|copywriting,Editor\ViewportInteraction\ViewportInteraction.Build.cs
ViewportSnapping,Editor,unreal-module-build,unreal-cpp-foundations,medium,domain_mapping,viewportsnapping|unreal|module|viewport,email|translation|copywriting,Editor\ViewportSnapping\ViewportSnapping.Build.cs
VirtualizationEditor,Editor,unreal-module-build,unreal-cpp-foundations,medium,domain_mapping,virtualizationeditor|unreal|module|virtualization,email|translation|copywriting,Editor\VirtualizationEditor\VirtualizationEditor.Build.cs
VirtualTexturingEditor,Editor,unreal-module-build,unreal-cpp-foundations,medium,domain_mapping,virtualtexturingeditor|unreal|module|virtual,email|translation|copywriting,Editor\VirtualTexturingEditor\VirtualTexturingEditor.Build.cs
VREditor,Editor,unreal-module-build,unreal-cpp-foundations,medium,domain_mapping,vreditor|unreal|module,email|translation|copywriting,Editor\VREditor\VREditor.Build.cs
WorkspaceMenuStructure,Editor,unreal-module-build,unreal-cpp-foundations,medium,domain_mapping,workspacemenustructure|unreal|module|workspace,email|translation|copywriting,Editor\WorkspaceMenuStructure\WorkspaceMenuStructure.Build.cs
WorldBookmark,Editor,unreal-module-build,unreal-cpp-foundations,medium,domain_mapping,worldbookmark|unreal|module|world,email|translation|copywriting,Editor\WorldBookmark\WorldBookmark.Build.cs
WorldBrowser,Editor,unreal-module-build,unreal-cpp-foundations,medium,domain_mapping,worldbrowser|unreal|module|world,email|translation|copywriting,Editor\WorldBrowser\WorldBrowser.Build.cs
WorldPartitionEditor,Editor,unreal-module-build,unreal-cpp-foundations,medium,domain_mapping,worldpartitioneditor|unreal|module|world,email|translation|copywriting,Editor\WorldPartitionEditor\WorldPartitionEditor.Build.cs
ZenEditor,Editor,unreal-module-build,unreal-cpp-foundations,medium,domain_mapping,zeneditor|unreal|module|zen,email|translation|copywriting,Editor\ZenEditor\ZenEditor.Build.cs
DotNetPerforceLib,Programs,unreal-testing-debugging,unreal-module-build,medium,domain_mapping,dotnetperforcelib|asset|cook|package,email|translation|copywriting,Programs\Shared\EpicGames.Perforce.Native\DotNetPerforceLib.Build.cs
LiveLinkHubLauncher,Programs,unreal-testing-debugging,unreal-module-build,medium,domain_mapping,livelinkhublauncher|asset|cook|package,email|translation|copywriting,Programs\LiveLinkHub\Source\LiveLinkHubLauncher\LiveLinkHubLauncher.Build.cs
AdpcmAudioDecoder,Runtime,unreal-cpp-foundations,unreal-module-build,medium,domain_mapping,adpcmaudiodecoder|audio|sound|metasound,email|translation|copywriting,Runtime\AdpcmAudioDecoder\Module\AdpcmAudioDecoder.Build.cs
AdvancedWidgets,Runtime,unreal-module-build,unreal-cpp-foundations,medium,domain_mapping,advancedwidgets|unreal|module|advanced,email|translation|copywriting,Runtime\AdvancedWidgets\AdvancedWidgets.Build.cs
Advertising,Runtime,unreal-module-build,unreal-cpp-foundations,medium,domain_mapping,advertising|unreal|module,email|translation|copywriting,Runtime\Advertising\Advertising\Advertising.Build.cs
AIModule,Runtime,unreal-cpp-foundations,unreal-module-build,high,module_override,aimodule|ai|nav|mass,email|translation|copywriting,Runtime\AIModule\AIModule.Build.cs
Analytics,Runtime,unreal-module-build,unreal-cpp-foundations,medium,domain_mapping,analytics|unreal|module,email|translation|copywriting,Runtime\Analytics\Analytics\Analytics.Build.cs
AnalyticsET,Runtime,unreal-module-build,unreal-cpp-foundations,medium,domain_mapping,analyticset|unreal|module|analytics,email|translation|copywriting,Runtime\Analytics\AnalyticsET\AnalyticsET.Build.cs
AnalyticsHorde,Runtime,unreal-module-build,unreal-cpp-foundations,medium,domain_mapping,analyticshorde|unreal|module|analytics,email|translation|copywriting,Runtime\Analytics\AnalyticsHorde\AnalyticsHorde.Build.cs
AnalyticsLog,Runtime,unreal-module-build,unreal-cpp-foundations,medium,domain_mapping,analyticslog|unreal|module|analytics,email|translation|copywriting,Runtime\Analytics\AnalyticsLog\AnalyticsLog.Build.cs
AnalyticsSwrve,Runtime,unreal-module-build,unreal-cpp-foundations,medium,domain_mapping,analyticsswrve|unreal|module|analytics,email|translation|copywriting,Runtime\Analytics\AnalyticsSwrve\AnalyticsSwrve.Build.cs
AnalyticsVisualEditing,Runtime,unreal-module-build,unreal-cpp-foundations,medium,domain_mapping,analyticsvisualediting|unreal|module|analytics,email|translation|copywriting,Runtime\Analytics\AnalyticsVisualEditing\AnalyticsVisualEditing.Build.cs
AndroidAdvertising,Runtime,unreal-module-build,unreal-cpp-foundations,medium,domain_mapping,androidadvertising|unreal|module|android,email|translation|copywriting,Runtime\Advertising\Android\AndroidAdvertising\AndroidAdvertising.Build.cs
AndroidLocalNotification,Runtime,unreal-module-build,unreal-cpp-foundations,medium,domain_mapping,androidlocalnotification|unreal|module|android,email|translation|copywriting,Runtime\Android\AndroidLocalNotification\AndroidLocalNotification.Build.cs
AndroidRuntimeSettings,Runtime,unreal-module-build,unreal-cpp-foundations,medium,domain_mapping,androidruntimesettings|unreal|module|android,email|translation|copywriting,Runtime\Android\AndroidRuntimeSettings\AndroidRuntimeSettings.Build.cs
AnimationCore,Runtime,unreal-cpp-foundations,unreal-module-build,medium,domain_mapping,animationcore|animation|skeletal|rig,email|translation|copywriting,Runtime\AnimationCore\AnimationCore.Build.cs
AnimGraphRuntime,Runtime,unreal-cpp-foundations,unreal-module-build,high,module_override,animgraphruntime|animation|skeletal|rig,email|translation|copywriting,Runtime\AnimGraphRuntime\AnimGraphRuntime.Build.cs
AppFramework,Runtime,unreal-module-build,unreal-cpp-foundations,medium,domain_mapping,appframework|unreal|module|app,email|translation|copywriting,Runtime\AppFramework\AppFramework.Build.cs
ApplicationCore,Runtime,unreal-module-build,unreal-cpp-foundations,medium,domain_mapping,applicationcore|core|engine|uobject,email|translation|copywriting,Runtime\ApplicationCore\ApplicationCore.Build.cs
AssetRegistry,Runtime,unreal-testing-debugging,unreal-module-build,high,module_override,assetregistry|asset|cook|package,email|translation|copywriting,Runtime\AssetRegistry\AssetRegistry.Build.cs
AudioAnalyzer,Runtime,unreal-cpp-foundations,unreal-module-build,medium,domain_mapping,audioanalyzer|audio|sound|metasound,email|translation|copywriting,Runtime\AudioAnalyzer\AudioAnalyzer.Build.cs
AudioCaptureAndroid,Runtime,unreal-cpp-foundations,unreal-module-build,medium,domain_mapping,audiocaptureandroid|audio|sound|metasound,email|translation|copywriting,Runtime\AudioCaptureImplementations\Android\AudioCaptureAndroid\AudioCaptureAndroid.Build.cs
AudioCaptureAudioUnit,Runtime,unreal-cpp-foundations,unreal-module-build,medium,domain_mapping,audiocaptureaudiounit|audio|sound|metasound,email|translation|copywriting,Runtime\AudioCaptureImplementations\IOS\AudioCaptureAudioUnit\AudioCaptureAudioUnit.Build.cs
AudioCaptureCore,Runtime,unreal-module-build,unreal-cpp-foundations,medium,domain_mapping,audiocapturecore|core|engine|uobject,email|translation|copywriting,Runtime\AudioCaptureCore\AudioCaptureCore.Build.cs
AudioCaptureRtAudio,Runtime,unreal-cpp-foundations,unreal-module-build,medium,domain_mapping,audiocapturertaudio|audio|sound|metasound,email|translation|copywriting,Runtime\AudioCaptureImplementations\AudioCaptureRtAudio\AudioCaptureRtAudio.Build.cs
AudioCaptureWasapi,Runtime,unreal-cpp-foundations,unreal-module-build,medium,domain_mapping,audiocapturewasapi|audio|sound|metasound,email|translation|copywriting,Runtime\AudioCaptureImplementations\Windows\AudioCaputureWasapi\AudioCaptureWasapi.Build.cs
AudioExtensions,Runtime,unreal-cpp-foundations,unreal-module-build,medium,domain_mapping,audioextensions|audio|sound|metasound,email|translation|copywriting,Runtime\AudioExtensions\AudioExtensions.Build.cs
AudioLinkCore,Runtime,unreal-module-build,unreal-cpp-foundations,medium,domain_mapping,audiolinkcore|core|engine|uobject,email|translation|copywriting,Runtime\AudioLink\AudioLinkCore\AudioLinkCore.Build.cs
AudioLinkEngine,Runtime,unreal-module-build,unreal-cpp-foundations,medium,domain_mapping,audiolinkengine|core|engine|uobject,email|translation|copywriting,Runtime\AudioLink\AudioLinkEngine\AudioLinkEngine.Build.cs
AudioMixer,Runtime,unreal-cpp-foundations,unreal-module-build,medium,domain_mapping,audiomixer|audio|sound|metasound,email|translation|copywriting,Runtime\AudioMixer\AudioMixer.Build.cs
AudioMixerAndroid,Runtime,unreal-cpp-foundations,unreal-module-build,medium,domain_mapping,audiomixerandroid|audio|sound|metasound,email|translation|copywriting,Runtime\Android\AudioMixerAndroid\AudioMixerAndroid.Build.cs
AudioMixerAudioUnit,Runtime,unreal-cpp-foundations,unreal-module-build,medium,domain_mapping,audiomixeraudiounit|audio|sound|metasound,email|translation|copywriting,Runtime\Apple\AudioMixerAudioUnit\AudioMixerAudioUnit.Build.cs
AudioMixerCore,Runtime,unreal-module-build,unreal-cpp-foundations,medium,domain_mapping,audiomixercore|core|engine|uobject,email|translation|copywriting,Runtime\AudioMixerCore\AudioMixerCore.Build.cs
AudioMixerCoreAudio,Runtime,unreal-module-build,unreal-cpp-foundations,medium,domain_mapping,audiomixercoreaudio|core|engine|uobject,email|translation|copywriting,Runtime\Apple\AudioMixerCoreAudio\AudioMixerCoreAudio.Build.cs
AudioMixerPlatformAudioLink,Runtime,unreal-cpp-foundations,unreal-module-build,medium,domain_mapping,audiomixerplatformaudiolink|audio|sound|metasound,email|translation|copywriting,Runtime\AudioLink\AudioMixerPlatformAudioLink\AudioMixerPlatformAudioLink.Build.cs
AudioMixerSDL,Runtime,unreal-cpp-foundations,unreal-module-build,medium,domain_mapping,audiomixersdl|audio|sound|metasound,email|translation|copywriting,Runtime\Linux\AudioMixerSDL\AudioMixerSDL.Build.cs
AudioMixerWasapi,Runtime,unreal-cpp-foundations,unreal-module-build,medium,domain_mapping,audiomixerwasapi|audio|sound|metasound,email|translation|copywriting,Runtime\Windows\AudioMixerWasapi\AudioMixerWasapi.Build.cs
AudioMixerXAudio2,Runtime,unreal-cpp-foundations,unreal-module-build,medium,domain_mapping,audiomixerxaudio2|audio|sound|metasound,email|translation|copywriting,Runtime\Windows\AudioMixerXAudio2\AudioMixerXAudio2.Build.cs
AudioPlatformConfiguration,Runtime,unreal-cpp-foundations,unreal-module-build,medium,domain_mapping,audioplatformconfiguration|audio|sound|metasound,email|translation|copywriting,Runtime\AudioPlatformConfiguration\AudioPlatformConfiguration.Build.cs
AudioPlatformSupportWasapi,Runtime,unreal-cpp-foundations,unreal-module-build,medium,domain_mapping,audioplatformsupportwasapi|audio|sound|metasound,email|translation|copywriting,Runtime\AudioPlatformSupport\Windows\WASAPI\AudioPlatformSupportWasapi.Build.cs
AugmentedReality,Runtime,unreal-module-build,unreal-cpp-foundations,medium,domain_mapping,augmentedreality|unreal|module|augmented,email|translation|copywriting,Runtime\AugmentedReality\AugmentedReality.build.cs
AutomationMessages,Runtime,unreal-module-build,unreal-cpp-foundations,medium,domain_mapping,automationmessages|unreal|module|automation,email|translation|copywriting,Runtime\AutomationMessages\AutomationMessages.Build.cs
AutomationTest,Runtime,unreal-module-build,unreal-cpp-foundations,medium,domain_mapping,automationtest|unreal|module|automation,email|translation|copywriting,Runtime\AutomationTest\AutomationTest.Build.cs
AutomationWorker,Runtime,unreal-module-build,unreal-cpp-foundations,medium,domain_mapping,automationworker|unreal|module|automation,email|translation|copywriting,Runtime\AutomationWorker\AutomationWorker.Build.cs
AutoRTFM,Runtime,unreal-module-build,unreal-cpp-foundations,medium,domain_mapping,autortfm|unreal|module|auto,email|translation|copywriting,Runtime\AutoRTFM\AutoRTFM.Build.cs
AVEncoder,Runtime,unreal-module-build,unreal-cpp-foundations,medium,domain_mapping,avencoder|unreal|module,email|translation|copywriting,Runtime\AVEncoder\AVEncoder.Build.cs
AVIWriter,Runtime,unreal-module-build,unreal-cpp-foundations,medium,domain_mapping,aviwriter|unreal|module,email|translation|copywriting,Runtime\AVIWriter\AVIWriter.Build.cs
BackgroundHTTP,Runtime,unreal-serialization-savegames,unreal-cpp-foundations,medium,domain_mapping,backgroundhttp|network|online|replication,email|translation|copywriting,Runtime\Online\BackgroundHTTP\BackgroundHTTP.Build.cs
BackgroundHTTPFileHash,Runtime,unreal-serialization-savegames,unreal-cpp-foundations,medium,domain_mapping,backgroundhttpfilehash|network|online|replication,email|translation|copywriting,Runtime\Online\BackgroundHTTPFileHash\BackgroundHTTPFileHash.Build.cs
BinkAudioDecoder,Runtime,unreal-cpp-foundations,unreal-module-build,medium,domain_mapping,binkaudiodecoder|audio|sound|metasound,email|translation|copywriting,Runtime\BinkAudioDecoder\Module\BinkAudioDecoder.Build.cs
BlueprintRuntime,Runtime,unreal-module-build,unreal-cpp-foundations,medium,domain_mapping,blueprintruntime|unreal|module|blueprint,email|translation|copywriting,Runtime\BlueprintRuntime\BlueprintRuntime.Build.cs
BuildPatchServices,Runtime,unreal-serialization-savegames,unreal-cpp-foundations,medium,domain_mapping,buildpatchservices|network|online|replication,email|translation|copywriting,Runtime\Online\BuildPatchServices\BuildPatchServices.Build.cs
BuildSettings,Runtime,unreal-module-build,unreal-cpp-foundations,medium,domain_mapping,buildsettings|unreal|module|settings,email|translation|copywriting,Runtime\BuildSettings\BuildSettings.Build.cs
CADKernel,Runtime,unreal-module-build,unreal-cpp-foundations,medium,domain_mapping,cadkernel|unreal|module,email|translation|copywriting,Runtime\Datasmith\CADKernel\Base\CADKernel.Build.cs
CADKernelEngine,Runtime,unreal-module-build,unreal-cpp-foundations,medium,domain_mapping,cadkernelengine|core|engine|uobject,email|translation|copywriting,Runtime\Datasmith\CADKernel\Engine\CADKernelEngine.Build.cs
Cbor,Runtime,unreal-module-build,unreal-cpp-foundations,medium,domain_mapping,cbor|unreal|module,email|translation|copywriting,Runtime\Cbor\Cbor.Build.cs
CEF3Utils,Runtime,unreal-module-build,unreal-cpp-foundations,medium,domain_mapping,cef3utils|unreal|module|cef3,email|translation|copywriting,Runtime\CEF3Utils\CEF3Utils.Build.cs
Chaos,Runtime,unreal-physics-collision,unreal-cpp-foundations,high,module_override,chaos|physics|collision,email|translation|copywriting,Runtime\Experimental\Chaos\Chaos.Build.cs
ChaosCore,Runtime,unreal-module-build,unreal-cpp-foundations,medium,domain_mapping,chaoscore|core|engine|uobject,email|translation|copywriting,Runtime\Experimental\ChaosCore\ChaosCore.Build.cs
ChaosSolverEngine,Runtime,unreal-module-build,unreal-cpp-foundations,medium,domain_mapping,chaossolverengine|core|engine|uobject,email|translation|copywriting,Runtime\Experimental\ChaosSolverEngine\ChaosSolverEngine.Build.cs
ChaosVDData,Runtime,unreal-physics-collision,unreal-cpp-foundations,medium,domain_mapping,chaosvddata|physics|chaos|collision,email|translation|copywriting,Runtime\Experimental\ChaosVDData\ChaosVDData.build.cs
ChaosVDRuntime,Runtime,unreal-physics-collision,unreal-cpp-foundations,medium,domain_mapping,chaosvdruntime|physics|chaos|collision,email|translation|copywriting,Runtime\Experimental\ChaosVisualDebugger\ChaosVDRuntime.Build.cs
ChaosVehiclesCore,Runtime,unreal-module-build,unreal-cpp-foundations,medium,domain_mapping,chaosvehiclescore|core|engine|uobject,email|translation|copywriting,Runtime\Experimental\ChaosVehicles\ChaosVehiclesCore\ChaosVehiclesCore.Build.cs
ChaosVehiclesEngine,Runtime,unreal-module-build,unreal-cpp-foundations,medium,domain_mapping,chaosvehiclesengine|core|engine|uobject,email|translation|copywriting,Runtime\Experimental\ChaosVehicles\ChaosVehiclesEngine\ChaosVehiclesEngine.Build.cs
CinematicCamera,Runtime,unreal-module-build,unreal-cpp-foundations,medium,domain_mapping,cinematiccamera|unreal|module|cinematic,email|translation|copywriting,Runtime\CinematicCamera\CinematicCamera.Build.cs
ClientPilot,Runtime,unreal-module-build,unreal-cpp-foundations,medium,domain_mapping,clientpilot|unreal|module|client,email|translation|copywriting,Runtime\ClientPilot\ClientPilot.Build.cs
ClothingSystemRuntimeCommon,Runtime,unreal-module-build,unreal-cpp-foundations,medium,domain_mapping,clothingsystemruntimecommon|unreal|module|clothing,email|translation|copywriting,Runtime\ClothingSystemRuntimeCommon\ClothingSystemRuntimeCommon.Build.cs
ClothingSystemRuntimeInterface,Runtime,unreal-module-build,unreal-cpp-foundations,medium,domain_mapping,clothingsystemruntimeinterface|unreal|module|clothing,email|translation|copywriting,Runtime\ClothingSystemRuntimeInterface\ClothingSystemRuntimeInterface.Build.cs
ClothingSystemRuntimeNv,Runtime,unreal-module-build,unreal-cpp-foundations,medium,domain_mapping,clothingsystemruntimenv|unreal|module|clothing,email|translation|copywriting,Runtime\ClothingSystemRuntimeNv\ClothingSystemRuntimeNv.Build.cs
ColorManagement,Runtime,unreal-module-build,unreal-cpp-foundations,medium,domain_mapping,colormanagement|unreal|module|color,email|translation|copywriting,Runtime\ColorManagement\ColorManagement.Build.cs
Constraints,Runtime,unreal-cpp-foundations,unreal-module-build,medium,domain_mapping,constraints|animation|skeletal|rig,email|translation|copywriting,Runtime\Experimental\Animation\Constraints\Constraints.Build.cs
CookOnTheFly,Runtime,unreal-testing-debugging,unreal-module-build,high,module_override,cookonthefly|asset|cook|package,email|translation|copywriting,Runtime\CookOnTheFly\CookOnTheFly.Build.cs
Core,Runtime,unreal-module-build,unreal-cpp-foundations,high,module_override,core|engine|uobject,email|translation|copywriting,Runtime\Core\Core.Build.cs
CoreOnline,Runtime,unreal-module-build,unreal-cpp-foundations,medium,domain_mapping,coreonline|core|engine|uobject,email|translation|copywriting,Runtime\CoreOnline\CoreOnline.Build.cs
CorePreciseFP,Runtime,unreal-module-build,unreal-cpp-foundations,medium,domain_mapping,coreprecisefp|core|engine|uobject,email|translation|copywriting,Runtime\CorePreciseFP\CorePreciseFP.build.cs
CoreUObject,Runtime,unreal-module-build,unreal-cpp-foundations,high,module_override,coreuobject|core|engine|uobject,email|translation|copywriting,Runtime\CoreUObject\CoreUObject.Build.cs
CrashReportCore,Runtime,unreal-module-build,unreal-cpp-foundations,medium,domain_mapping,crashreportcore|core|engine|uobject,email|translation|copywriting,Runtime\CrashReportCore\CrashReportCore.Build.cs
CUDA,Runtime,unreal-module-build,unreal-cpp-foundations,medium,domain_mapping,cuda|unreal|module,email|translation|copywriting,Runtime\CUDA\Source\CUDA.Build.cs
D3D11RHI,Runtime,unreal-testing-debugging,unreal-module-build,medium,domain_mapping,d3d11rhi|render|shader|rhi,email|translation|copywriting,Runtime\Windows\D3D11RHI\D3D11RHI.Build.cs
D3D12RHI,Runtime,unreal-testing-debugging,unreal-module-build,medium,domain_mapping,d3d12rhi|render|shader|rhi,email|translation|copywriting,Runtime\D3D12RHI\D3D12RHI.Build.cs
DataflowCore,Runtime,unreal-module-build,unreal-cpp-foundations,medium,domain_mapping,dataflowcore|core|engine|uobject,email|translation|copywriting,Runtime\Experimental\Dataflow\Core\DataflowCore.Build.cs
DataflowEngine,Runtime,unreal-module-build,unreal-cpp-foundations,medium,domain_mapping,dataflowengine|core|engine|uobject,email|translation|copywriting,Runtime\Experimental\Dataflow\Engine\DataflowEngine.Build.cs
DataflowSimulation,Runtime,unreal-module-build,unreal-cpp-foundations,medium,domain_mapping,dataflowsimulation|unreal|module|dataflow,email|translation|copywriting,Runtime\Experimental\Dataflow\Simulation\DataflowSimulation.Build.cs
DatasmithCore,Runtime,unreal-module-build,unreal-cpp-foundations,medium,domain_mapping,datasmithcore|core|engine|uobject,email|translation|copywriting,Runtime\Datasmith\DatasmithCore\DatasmithCore.Build.cs
DeveloperSettings,Runtime,unreal-module-build,unreal-cpp-foundations,medium,domain_mapping,developersettings|unreal|module|settings,email|translation|copywriting,Runtime\DeveloperSettings\DeveloperSettings.Build.cs
DirectLink,Runtime,unreal-module-build,unreal-cpp-foundations,medium,domain_mapping,directlink|unreal|module|direct,email|translation|copywriting,Runtime\Datasmith\DirectLink\DirectLink.Build.cs
Engine,Runtime,unreal-module-build,unreal-cpp-foundations,high,module_override,engine|core|uobject,email|translation|copywriting,Runtime\Engine\Engine.Build.cs
EngineMessages,Runtime,unreal-module-build,unreal-cpp-foundations,medium,domain_mapping,enginemessages|core|engine|uobject,email|translation|copywriting,Runtime\EngineMessages\EngineMessages.Build.cs
EngineSettings,Runtime,unreal-module-build,unreal-cpp-foundations,medium,domain_mapping,enginesettings|core|engine|uobject,email|translation|copywriting,Runtime\EngineSettings\EngineSettings.Build.cs
EventLoop,Runtime,unreal-serialization-savegames,unreal-cpp-foundations,medium,domain_mapping,eventloop|network|online|replication,email|translation|copywriting,Runtime\Online\Experimental\EventLoop\EventLoop.Build.cs
EventLoopUnitTests,Runtime,unreal-serialization-savegames,unreal-cpp-foundations,medium,domain_mapping,eventloopunittests|network|online|replication,email|translation|copywriting,Runtime\Online\Experimental\EventLoopTests\EventLoopUnitTests.Build.cs
ExternalRpcRegistry,Runtime,unreal-testing-debugging,unreal-module-build,medium,domain_mapping,externalrpcregistry|asset|cook|package,email|translation|copywriting,Runtime\ExternalRPCRegistry\ExternalRpcRegistry.Build.cs
EyeTracker,Runtime,unreal-module-build,unreal-cpp-foundations,medium,domain_mapping,eyetracker|unreal|module|eye,email|translation|copywriting,Runtime\EyeTracker\EyeTracker.Build.cs
FieldNotification,Runtime,unreal-module-build,unreal-cpp-foundations,medium,domain_mapping,fieldnotification|unreal|module|field,email|translation|copywriting,Runtime\FieldNotification\FieldNotification.Build.cs
FieldSystemEngine,Runtime,unreal-module-build,unreal-cpp-foundations,medium,domain_mapping,fieldsystemengine|core|engine|uobject,email|translation|copywriting,Runtime\Experimental\FieldSystem\Source\FieldSystemEngine\FieldSystemEngine.Build.cs
Foliage,Runtime,unreal-module-build,unreal-cpp-foundations,medium,domain_mapping,foliage|unreal|module,email|translation|copywriting,Runtime\Foliage\Foliage.Build.cs
FriendsAndChat,Runtime,unreal-module-build,unreal-cpp-foundations,medium,domain_mapping,friendsandchat|unreal|module|friends,email|translation|copywriting,Runtime\FriendsAndChat\FriendsAndChat.Build.cs
GameMenuBuilder,Runtime,unreal-module-build,unreal-cpp-foundations,medium,domain_mapping,gamemenubuilder|unreal|module|game,email|translation|copywriting,Runtime\GameMenuBuilder\GameMenuBuilder.Build.cs
GameplayDebugger,Runtime,unreal-cpp-foundations,unreal-module-build,medium,domain_mapping,gameplaydebugger|gameplay|ability|input,email|translation|copywriting,Runtime\GameplayDebugger\GameplayDebugger.Build.cs
GameplayMediaEncoder,Runtime,unreal-cpp-foundations,unreal-module-build,medium,domain_mapping,gameplaymediaencoder|gameplay|ability|input,email|translation|copywriting,Runtime\GameplayMediaEncoder\GameplayMediaEncoder.Build.cs
GameplayTags,Runtime,unreal-cpp-foundations,unreal-module-build,high,module_override,gameplaytags|gameplay|ability|input,email|translation|copywriting,Runtime\GameplayTags\GameplayTags.Build.cs
GameplayTasks,Runtime,unreal-cpp-foundations,unreal-module-build,high,module_override,gameplaytasks|gameplay|ability|input,email|translation|copywriting,Runtime\GameplayTasks\GameplayTasks.Build.cs
GeometryCollectionEngine,Runtime,unreal-module-build,unreal-cpp-foundations,medium,domain_mapping,geometrycollectionengine|core|engine|uobject,email|translation|copywriting,Runtime\Experimental\GeometryCollectionEngine\GeometryCollectionEngine.Build.cs
GeometryCore,Runtime,unreal-module-build,unreal-cpp-foundations,medium,domain_mapping,geometrycore|core|engine|uobject,email|translation|copywriting,Runtime\GeometryCore\GeometryCore.Build.cs
GeometryFramework,Runtime,unreal-module-build,unreal-cpp-foundations,medium,domain_mapping,geometryframework|unreal|module|geometry,email|translation|copywriting,Runtime\GeometryFramework\GeometryFramework.Build.cs
HardwareSurvey,Runtime,unreal-module-build,unreal-cpp-foundations,medium,domain_mapping,hardwaresurvey|unreal|module|hardware,email|translation|copywriting,Runtime\HardwareSurvey\HardwareSurvey.Build.cs
HeadMountedDisplay,Runtime,unreal-module-build,unreal-cpp-foundations,medium,domain_mapping,headmounteddisplay|unreal|module|head,email|translation|copywriting,Runtime\HeadMountedDisplay\HeadMountedDisplay.Build.cs
HTTP,Runtime,unreal-serialization-savegames,unreal-cpp-foundations,high,module_override,http|network|online|replication,email|translation|copywriting,Runtime\Online\HTTP\HTTP.Build.cs
HttpNetworkReplayStreaming,Runtime,unreal-serialization-savegames,unreal-cpp-foundations,medium,domain_mapping,httpnetworkreplaystreaming|network|online|replication,email|translation|copywriting,Runtime\NetworkReplayStreaming\HttpNetworkReplayStreaming\HttpNetworkReplayStreaming.Build.cs
HttpServer,Runtime,unreal-serialization-savegames,unreal-cpp-foundations,medium,domain_mapping,httpserver|network|online|replication,email|translation|copywriting,Runtime\Online\HTTPServer\HttpServer.Build.cs
Icmp,Runtime,unreal-serialization-savegames,unreal-cpp-foundations,medium,domain_mapping,icmp|network|online|replication,email|translation|copywriting,Runtime\Online\ICMP\Icmp.Build.cs
IESFile,Runtime,unreal-module-build,unreal-cpp-foundations,medium,domain_mapping,iesfile|unreal|module,email|translation|copywriting,Runtime\IESFile\IESFile.Build.cs
ImageCore,Runtime,unreal-module-build,unreal-cpp-foundations,medium,domain_mapping,imagecore|core|engine|uobject,email|translation|copywriting,Runtime\ImageCore\ImageCore.Build.cs
ImageDownload,Runtime,unreal-serialization-savegames,unreal-cpp-foundations,medium,domain_mapping,imagedownload|network|online|replication,email|translation|copywriting,Runtime\Online\ImageDownload\ImageDownload.Build.cs
ImageWrapper,Runtime,unreal-module-build,unreal-cpp-foundations,medium,domain_mapping,imagewrapper|unreal|module|image,email|translation|copywriting,Runtime\ImageWrapper\ImageWrapper.Build.cs
ImageWriteQueue,Runtime,unreal-module-build,unreal-cpp-foundations,medium,domain_mapping,imagewritequeue|unreal|module|image,email|translation|copywriting,Runtime\ImageWriteQueue\ImageWriteQueue.Build.cs
InMemoryNetworkReplayStreaming,Runtime,unreal-serialization-savegames,unreal-cpp-foundations,medium,domain_mapping,inmemorynetworkreplaystreaming|network|online|replication,email|translation|copywriting,Runtime\NetworkReplayStreaming\InMemoryNetworkReplayStreaming\InMemoryNetworkReplayStreaming.build.cs
InputCore,Runtime,unreal-cpp-foundations,unreal-module-build,medium,domain_mapping,inputcore|gameplay|ability|input,email|translation|copywriting,Runtime\InputCore\InputCore.Build.cs
InputDevice,Runtime,unreal-cpp-foundations,unreal-module-build,medium,domain_mapping,inputdevice|gameplay|ability|input,email|translation|copywriting,Runtime\InputDevice\InputDevice.Build.cs
InstallBundleManager,Runtime,unreal-module-build,unreal-cpp-foundations,medium,domain_mapping,installbundlemanager|unreal|module|install,email|translation|copywriting,Runtime\InstallBundleManager\InstallBundleManager.Build.cs
Instrumentation,Runtime,unreal-module-build,unreal-cpp-foundations,medium,domain_mapping,instrumentation|unreal|module,email|translation|copywriting,Runtime\Instrumentation\Instrumentation.Build.cs
InteractiveToolsFramework,Runtime,unreal-module-build,unreal-cpp-foundations,medium,domain_mapping,interactivetoolsframework|unreal|module|interactive,email|translation|copywriting,Runtime\InteractiveToolsFramework\InteractiveToolsFramework.Build.cs
InterchangeCore,Runtime,unreal-module-build,unreal-cpp-foundations,medium,domain_mapping,interchangecore|core|engine|uobject,email|translation|copywriting,Runtime\Interchange\Core\InterchangeCore.Build.cs
InterchangeEngine,Runtime,unreal-module-build,unreal-cpp-foundations,medium,domain_mapping,interchangeengine|core|engine|uobject,email|translation|copywriting,Runtime\Interchange\Engine\InterchangeEngine.Build.cs
IOSAdvertising,Runtime,unreal-module-build,unreal-cpp-foundations,medium,domain_mapping,iosadvertising|unreal|module,email|translation|copywriting,Runtime\Advertising\IOS\IOSAdvertising\IOSAdvertising.Build.cs
IOSAudio,Runtime,unreal-module-build,unreal-cpp-foundations,medium,domain_mapping,iosaudio|unreal|module,email|translation|copywriting,Runtime\IOS\IOSAudio\IOSAudio.Build.cs
IOSLocalNotification,Runtime,unreal-module-build,unreal-cpp-foundations,medium,domain_mapping,ioslocalnotification|unreal|module|ioslocal,email|translation|copywriting,Runtime\IOS\IOSLocalNotification\IOSLocalNotification.Build.cs
IOSPlatformFeatures,Runtime,unreal-module-build,unreal-cpp-foundations,medium,domain_mapping,iosplatformfeatures|unreal|module|iosplatform,email|translation|copywriting,Runtime\IOS\IOSPlatformFeatures\IOSPlatformFeatures.Build.cs
IOSRuntimeSettings,Runtime,unreal-module-build,unreal-cpp-foundations,medium,domain_mapping,iosruntimesettings|unreal|module|iosruntime,email|translation|copywriting,Runtime\IOS\IOSRuntimeSettings\IOSRuntimeSettings.Build.cs
IoStoreHttpClient,Runtime,unreal-serialization-savegames,unreal-cpp-foundations,medium,domain_mapping,iostorehttpclient|network|online|replication,email|translation|copywriting,Runtime\Experimental\IoStore\HttpClient\IoStoreHttpClient.Build.cs
IoStoreOnDemand,Runtime,unreal-module-build,unreal-cpp-foundations,medium,domain_mapping,iostoreondemand|unreal|module|store,email|translation|copywriting,Runtime\Experimental\IoStore\OnDemand\IoStoreOnDemand.Build.cs
IoStoreOnDemandCore,Runtime,unreal-module-build,unreal-cpp-foundations,medium,domain_mapping,iostoreondemandcore|core|engine|uobject,email|translation|copywriting,Runtime\Experimental\IoStore\OnDemandCore\IoStoreOnDemandCore.Build.cs
IoStoreOnDemandTests,Runtime,unreal-module-build,unreal-cpp-foundations,medium,domain_mapping,iostoreondemandtests|unreal|module|store,email|translation|copywriting,Runtime\Experimental\IoStore\Tests\IoStoreOnDemandTests.Build.cs
IPC,Runtime,unreal-module-build,unreal-cpp-foundations,medium,domain_mapping,ipc|unreal|module,email|translation|copywriting,Runtime\IPC\IPC.Build.cs
IrisCore,Runtime,unreal-module-build,unreal-cpp-foundations,medium,domain_mapping,iriscore|core|engine|uobject,email|translation|copywriting,Runtime\Experimental\Iris\Core\IrisCore.Build.cs
IrisStub,Runtime,unreal-module-build,unreal-cpp-foundations,medium,domain_mapping,irisstub|unreal|module|iris,email|translation|copywriting,Runtime\Experimental\Iris\Stub\IrisStub.Build.cs
ISMPool,Runtime,unreal-module-build,unreal-cpp-foundations,medium,domain_mapping,ismpool|unreal|module,email|translation|copywriting,Runtime\Experimental\ISMPool\ISMPool.Build.cs
Json,Runtime,unreal-module-build,unreal-cpp-foundations,medium,domain_mapping,json|unreal|module,email|translation|copywriting,Runtime\Json\Json.Build.cs
JsonObjectGraph,Runtime,unreal-module-build,unreal-cpp-foundations,medium,domain_mapping,jsonobjectgraph|unreal|module|json,email|translation|copywriting,Runtime\Experimental\JsonObjectGraph\JsonObjectGraph.Build.cs
JsonUtilities,Runtime,unreal-module-build,unreal-cpp-foundations,medium,domain_mapping,jsonutilities|unreal|module|json,email|translation|copywriting,Runtime\JsonUtilities\JsonUtilities.Build.cs
Landscape,Runtime,unreal-testing-debugging,unreal-module-build,medium,domain_mapping,landscape|render|shader|rhi,email|translation|copywriting,Runtime\Landscape\Landscape.Build.cs
Launch,Runtime,unreal-module-build,unreal-cpp-foundations,medium,domain_mapping,launch|unreal|module,email|translation|copywriting,Runtime\Launch\Launch.Build.cs
LaunchDaemonMessages,Runtime,unreal-module-build,unreal-cpp-foundations,medium,domain_mapping,launchdaemonmessages|unreal|module|launch,email|translation|copywriting,Runtime\IOS\LaunchDaemonMessages\LaunchDaemonMessages.Build.cs
LauncherCheck,Runtime,unreal-module-build,unreal-cpp-foundations,medium,domain_mapping,launchercheck|unreal|module|launcher,email|translation|copywriting,Runtime\Portal\LauncherCheck\LauncherCheck.Build.cs
LauncherPlatform,Runtime,unreal-module-build,unreal-cpp-foundations,medium,domain_mapping,launcherplatform|unreal|module|launcher,email|translation|copywriting,Runtime\Portal\LauncherPlatform\LauncherPlatform.Build.cs
LevelSequence,Runtime,unreal-module-build,unreal-cpp-foundations,medium,domain_mapping,levelsequence|unreal|module|level,email|translation|copywriting,Runtime\LevelSequence\LevelSequence.Build.cs
LiveLinkAnimationCore,Runtime,unreal-module-build,unreal-cpp-foundations,medium,domain_mapping,livelinkanimationcore|core|engine|uobject,email|translation|copywriting,Runtime\LiveLinkAnimationCore\LiveLinkAnimationCore.Build.cs
LiveLinkInterface,Runtime,unreal-module-build,unreal-cpp-foundations,medium,domain_mapping,livelinkinterface|unreal|module|live,email|translation|copywriting,Runtime\LiveLinkInterface\LiveLinkInterface.Build.cs
LiveLinkMessageBusFramework,Runtime,unreal-module-build,unreal-cpp-foundations,medium,domain_mapping,livelinkmessagebusframework|unreal|module|live,email|translation|copywriting,Runtime\LiveLinkMessageBusFramework\LiveLinkMessageBusFramework.Build.cs
LocalFileNetworkReplayStreaming,Runtime,unreal-serialization-savegames,unreal-cpp-foundations,medium,domain_mapping,localfilenetworkreplaystreaming|network|online|replication,email|translation|copywriting,Runtime\NetworkReplayStreaming\LocalFileNetworkReplayStreaming\LocalFileNetworkReplayStreaming.Build.cs
MarketplaceKit,Runtime,unreal-module-build,unreal-cpp-foundations,medium,domain_mapping,marketplacekit|unreal|module|marketplace,email|translation|copywriting,Runtime\IOS\MarketplaceKit\MarketplaceKit.Build.cs
MassEntity,Runtime,unreal-cpp-foundations,unreal-module-build,medium,domain_mapping,massentity|ai|nav|mass,email|translation|copywriting,Runtime\MassEntity\MassEntity.Build.cs
MaterialShaderQualitySettings,Runtime,unreal-testing-debugging,unreal-module-build,high,module_override,materialshaderqualitysettings|render|shader|rhi,email|translation|copywriting,Runtime\MaterialShaderQualitySettings\MaterialShaderQualitySettings.Build.cs
MathCore,Runtime,unreal-module-build,unreal-cpp-foundations,medium,domain_mapping,mathcore|core|engine|uobject,email|translation|copywriting,Runtime\MathCore\MathCore.Build.cs
Media,Runtime,unreal-cpp-foundations,unreal-module-build,medium,domain_mapping,media|movie|video,email|translation|copywriting,Runtime\Media\Media.Build.cs
MediaAssets,Runtime,unreal-cpp-foundations,unreal-module-build,medium,domain_mapping,mediaassets|media|movie|video,email|translation|copywriting,Runtime\MediaAssets\MediaAssets.Build.cs
MediaUtils,Runtime,unreal-cpp-foundations,unreal-module-build,medium,domain_mapping,mediautils|media|movie|video,email|translation|copywriting,Runtime\MediaUtils\MediaUtils.Build.cs
MeshConversion,Runtime,unreal-module-build,unreal-cpp-foundations,medium,domain_mapping,meshconversion|unreal|module|mesh,email|translation|copywriting,Runtime\MeshConversion\MeshConversion.Build.cs
MeshConversionEngineTypes,Runtime,unreal-module-build,unreal-cpp-foundations,medium,domain_mapping,meshconversionenginetypes|core|engine|uobject,email|translation|copywriting,Runtime\MeshConversionEngineTypes\MeshConversionEngineTypes.Build.cs
MeshDescription,Runtime,unreal-module-build,unreal-cpp-foundations,medium,domain_mapping,meshdescription|unreal|module|mesh,email|translation|copywriting,Runtime\MeshDescription\MeshDescription.Build.cs
MeshUtilitiesCommon,Runtime,unreal-module-build,unreal-cpp-foundations,medium,domain_mapping,meshutilitiescommon|unreal|module|mesh,email|translation|copywriting,Runtime\MeshUtilitiesCommon\MeshUtilitiesCommon.Build.cs
Messaging,Runtime,unreal-module-build,unreal-cpp-foundations,medium,domain_mapping,messaging|unreal|module,email|translation|copywriting,Runtime\Messaging\Messaging.Build.cs
MessagingCommon,Runtime,unreal-module-build,unreal-cpp-foundations,medium,domain_mapping,messagingcommon|unreal|module|messaging,email|translation|copywriting,Runtime\MessagingCommon\MessagingCommon.Build.cs
MessagingRpc,Runtime,unreal-module-build,unreal-cpp-foundations,medium,domain_mapping,messagingrpc|unreal|module|messaging,email|translation|copywriting,Runtime\MessagingRpc\MessagingRpc.Build.cs
MetalRHI,Runtime,unreal-testing-debugging,unreal-module-build,medium,domain_mapping,metalrhi|render|shader|rhi,email|translation|copywriting,Runtime\Apple\MetalRHI\MetalRHI.Build.cs
MoviePlayer,Runtime,unreal-cpp-foundations,unreal-module-build,medium,domain_mapping,movieplayer|media|movie|video,email|translation|copywriting,Runtime\MoviePlayer\MoviePlayer.Build.cs
MoviePlayerProxy,Runtime,unreal-cpp-foundations,unreal-module-build,medium,domain_mapping,movieplayerproxy|media|movie|video,email|translation|copywriting,Runtime\MoviePlayerProxy\MoviePlayerProxy.Build.cs
MovieScene,Runtime,unreal-cpp-foundations,unreal-module-build,medium,domain_mapping,moviescene|media|movie|video,email|translation|copywriting,Runtime\MovieScene\MovieScene.Build.cs
MovieSceneCapture,Runtime,unreal-cpp-foundations,unreal-module-build,medium,domain_mapping,moviescenecapture|media|movie|video,email|translation|copywriting,Runtime\MovieSceneCapture\MovieSceneCapture.Build.cs
MovieSceneTracks,Runtime,unreal-cpp-foundations,unreal-module-build,medium,domain_mapping,moviescenetracks|media|movie|video,email|translation|copywriting,Runtime\MovieSceneTracks\MovieSceneTracks.Build.cs
MRMesh,Runtime,unreal-module-build,unreal-cpp-foundations,medium,domain_mapping,mrmesh|unreal|module,email|translation|copywriting,Runtime\MRMesh\MRMesh.build.cs
NavigationSystem,Runtime,unreal-cpp-foundations,unreal-module-build,high,module_override,navigationsystem|ai|nav|mass,email|translation|copywriting,Runtime\NavigationSystem\NavigationSystem.Build.cs
Navmesh,Runtime,unreal-module-build,unreal-cpp-foundations,medium,domain_mapping,navmesh|unreal|module,email|translation|copywriting,Runtime\Navmesh\Navmesh.Build.cs
NetCommon,Runtime,unreal-serialization-savegames,unreal-cpp-foundations,medium,domain_mapping,netcommon|network|online|replication,email|translation|copywriting,Runtime\Net\Common\NetCommon.Build.cs
NetCore,Runtime,unreal-serialization-savegames,unreal-cpp-foundations,high,module_override,netcore|network|online|replication,email|translation|copywriting,Runtime\Net\Core\NetCore.Build.cs
NetworkFile,Runtime,unreal-serialization-savegames,unreal-cpp-foundations,medium,domain_mapping,networkfile|network|online|replication,email|translation|copywriting,Runtime\NetworkFile\NetworkFile.Build.cs
NetworkFileSystem,Runtime,unreal-serialization-savegames,unreal-cpp-foundations,medium,domain_mapping,networkfilesystem|network|online|replication,email|translation|copywriting,Runtime\NetworkFileSystem\NetworkFileSystem.Build.cs
Networking,Runtime,unreal-module-build,unreal-cpp-foundations,medium,domain_mapping,networking|unreal|module,email|translation|copywriting,Runtime\Networking\Networking.Build.cs
NetworkReplayStreaming,Runtime,unreal-serialization-savegames,unreal-cpp-foundations,medium,domain_mapping,networkreplaystreaming|network|online|replication,email|translation|copywriting,Runtime\NetworkReplayStreaming\NetworkReplayStreaming\NetworkReplayStreaming.Build.cs
NNE,Runtime,unreal-module-build,unreal-cpp-foundations,medium,domain_mapping,nne|unreal|module,email|translation|copywriting,Runtime\NNE\NNE.Build.cs
NonRealtimeAudioRenderer,Runtime,unreal-testing-debugging,unreal-module-build,medium,domain_mapping,nonrealtimeaudiorenderer|render|shader|rhi,email|translation|copywriting,Runtime\NonRealtimeAudioRenderer\NonRealtimeAudioRenderer.Build.cs
NullDrv,Runtime,unreal-module-build,unreal-cpp-foundations,medium,domain_mapping,nulldrv|unreal|module|null,email|translation|copywriting,Runtime\NullDrv\NullDrv.Build.cs
NullInstallBundleManager,Runtime,unreal-module-build,unreal-cpp-foundations,medium,domain_mapping,nullinstallbundlemanager|unreal|module|null,email|translation|copywriting,Runtime\NullInstallBundleManager\NullInstallBundleManager.build.cs
NullNetworkReplayStreaming,Runtime,unreal-serialization-savegames,unreal-cpp-foundations,medium,domain_mapping,nullnetworkreplaystreaming|network|online|replication,email|translation|copywriting,Runtime\NetworkReplayStreaming\NullNetworkReplayStreaming\NullNetworkReplayStreaming.build.cs
OodleDataCompression,Runtime,unreal-module-build,unreal-cpp-foundations,medium,domain_mapping,oodledatacompression|unreal|module|oodle,email|translation|copywriting,Runtime\OodleDataCompression\OodleDataCompression.Build.cs
OpenColorIOWrapper,Runtime,unreal-module-build,unreal-cpp-foundations,medium,domain_mapping,opencoloriowrapper|unreal|module|open,email|translation|copywriting,Runtime\OpenColorIOWrapper\OpenColorIOWrapper.Build.cs
OpenGLDrv,Runtime,unreal-module-build,unreal-cpp-foundations,medium,domain_mapping,opengldrv|unreal|module|open,email|translation|copywriting,Runtime\OpenGLDrv\OpenGLDrv.Build.cs
OpusAudioDecoder,Runtime,unreal-cpp-foundations,unreal-module-build,medium,domain_mapping,opusaudiodecoder|audio|sound|metasound,email|translation|copywriting,Runtime\OpusAudioDecoder\Module\OpusAudioDecoder.Build.cs
Overlay,Runtime,unreal-module-build,unreal-cpp-foundations,medium,domain_mapping,overlay|unreal|module,email|translation|copywriting,Runtime\Overlay\Overlay.Build.cs
PacketHandler,Runtime,unreal-serialization-savegames,unreal-cpp-foundations,high,module_override,packethandler|network|online|replication,email|translation|copywriting,Runtime\PacketHandlers\PacketHandler\PacketHandler.Build.cs
PakFile,Runtime,unreal-testing-debugging,unreal-module-build,high,module_override,pakfile|unreal|module|pak,email|translation|copywriting,Runtime\PakFile\PakFile.Build.cs
PerfCounters,Runtime,unreal-module-build,unreal-cpp-foundations,medium,domain_mapping,perfcounters|unreal|module|perf,email|translation|copywriting,Runtime\PerfCounters\PerfCounters.Build.cs
PhysicsCore,Runtime,unreal-physics-collision,unreal-cpp-foundations,high,module_override,physicscore|physics|chaos|collision,email|translation|copywriting,Runtime\PhysicsCore\PhysicsCore.Build.cs
PortalMessages,Runtime,unreal-module-build,unreal-cpp-foundations,medium,domain_mapping,portalmessages|unreal|module|portal,email|translation|copywriting,Runtime\Portal\Messages\PortalMessages.Build.cs
PortalProxies,Runtime,unreal-module-build,unreal-cpp-foundations,medium,domain_mapping,portalproxies|unreal|module|portal,email|translation|copywriting,Runtime\Portal\Proxies\PortalProxies.Build.cs
PortalRpc,Runtime,unreal-module-build,unreal-cpp-foundations,medium,domain_mapping,portalrpc|unreal|module|portal,email|translation|copywriting,Runtime\Portal\Rpc\PortalRpc.Build.cs
PortalServices,Runtime,unreal-module-build,unreal-cpp-foundations,medium,domain_mapping,portalservices|unreal|module|portal,email|translation|copywriting,Runtime\Portal\Services\PortalServices.Build.cs
PosixShim,Runtime,unreal-module-build,unreal-cpp-foundations,medium,domain_mapping,posixshim|unreal|module|posix,email|translation|copywriting,Runtime\PlatformThirdPartyHelpers\PosixShim\PosixShim.Build.cs
PreLoadScreen,Runtime,unreal-module-build,unreal-cpp-foundations,medium,domain_mapping,preloadscreen|unreal|module|pre,email|translation|copywriting,Runtime\PreLoadScreen\PreLoadScreen.Build.cs
Projects,Runtime,unreal-module-build,unreal-cpp-foundations,high,module_override,projects|core|engine|uobject,email|translation|copywriting,Runtime\Projects\Projects.Build.cs
PropertyPath,Runtime,unreal-module-build,unreal-cpp-foundations,medium,domain_mapping,propertypath|unreal|module|property,email|translation|copywriting,Runtime\PropertyPath\PropertyPath.Build.cs
RadAudioDecoder,Runtime,unreal-cpp-foundations,unreal-module-build,medium,domain_mapping,radaudiodecoder|audio|sound|metasound,email|translation|copywriting,Runtime\RadAudioCodec\Module\RadAudioDecoder.Build.cs
RawMesh,Runtime,unreal-module-build,unreal-cpp-foundations,medium,domain_mapping,rawmesh|unreal|module|raw,email|translation|copywriting,Runtime\RawMesh\RawMesh.Build.cs
ReliabilityHandlerComponent,Runtime,unreal-module-build,unreal-cpp-foundations,medium,domain_mapping,reliabilityhandlercomponent|unreal|module|reliability,email|translation|copywriting,Runtime\PacketHandlers\ReliabilityHandlerComponent\ReliabilityHandlerComponent.Build.cs
RenderCore,Runtime,unreal-testing-debugging,unreal-module-build,high,module_override,rendercore|render|shader|rhi,email|translation|copywriting,Runtime\RenderCore\RenderCore.Build.cs
Renderer,Runtime,unreal-testing-debugging,unreal-module-build,high,module_override,renderer|render|shader|rhi,email|translation|copywriting,Runtime\Renderer\Renderer.Build.cs
RewindDebuggerRuntimeInterface,Runtime,unreal-module-build,unreal-cpp-foundations,medium,domain_mapping,rewinddebuggerruntimeinterface|unreal|module|rewind,email|translation|copywriting,Runtime\RewindDebuggerRuntimeInterface\RewindDebuggerRuntimeInterface.Build.cs
RHI,Runtime,unreal-testing-debugging,unreal-module-build,high,module_override,rhi|render|shader,email|translation|copywriting,Runtime\RHI\RHI.Build.cs
RHICore,Runtime,unreal-module-build,unreal-cpp-foundations,medium,domain_mapping,rhicore|unreal|module,email|translation|copywriting,Runtime\RHICore\RHICore.Build.cs
RSA,Runtime,unreal-module-build,unreal-cpp-foundations,medium,domain_mapping,rsa|unreal|module,email|translation|copywriting,Runtime\RSA\RSA.Build.cs
RuntimeAssetCache,Runtime,unreal-testing-debugging,unreal-module-build,medium,domain_mapping,runtimeassetcache|asset|cook|package,email|translation|copywriting,Runtime\RuntimeAssetCache\RuntimeAssetCache.Build.cs
SandboxFile,Runtime,unreal-module-build,unreal-cpp-foundations,medium,domain_mapping,sandboxfile|unreal|module|sandbox,email|translation|copywriting,Runtime\SandboxFile\SandboxFile.Build.cs
SaveGameNetworkReplayStreaming,Runtime,unreal-serialization-savegames,unreal-cpp-foundations,medium,domain_mapping,savegamenetworkreplaystreaming|network|online|replication,email|translation|copywriting,Runtime\NetworkReplayStreaming\SaveGameNetworkReplayStreaming\SaveGameNetworkReplayStreaming.Build.cs
Serialization,Runtime,unreal-testing-debugging,unreal-module-build,medium,domain_mapping,serialization|asset|cook|package,email|translation|copywriting,Runtime\Serialization\Serialization.Build.cs
SessionMessages,Runtime,unreal-module-build,unreal-cpp-foundations,medium,domain_mapping,sessionmessages|unreal|module|session,email|translation|copywriting,Runtime\SessionMessages\SessionMessages.Build.cs
SessionServices,Runtime,unreal-module-build,unreal-cpp-foundations,medium,domain_mapping,sessionservices|unreal|module|session,email|translation|copywriting,Runtime\SessionServices\SessionServices.Build.cs
SignalProcessing,Runtime,unreal-module-build,unreal-cpp-foundations,medium,domain_mapping,signalprocessing|unreal|module|signal,email|translation|copywriting,Runtime\SignalProcessing\SignalProcessing.Build.cs
SkeletalMeshDescription,Runtime,unreal-cpp-foundations,unreal-module-build,medium,domain_mapping,skeletalmeshdescription|animation|skeletal|rig,email|translation|copywriting,Runtime\SkeletalMeshDescription\SkeletalMeshDescription.Build.cs
Slate,Runtime,unreal-umg-lifecycle,unreal-cpp-foundations,high,module_override,slate|ui|umg,email|translation|copywriting,Runtime\Slate\Slate.Build.cs
SlateCore,Runtime,unreal-umg-lifecycle,unreal-cpp-foundations,high,module_override,slatecore|ui|umg|slate,email|translation|copywriting,Runtime\SlateCore\SlateCore.Build.cs
SlateNullRenderer,Runtime,unreal-testing-debugging,unreal-module-build,medium,domain_mapping,slatenullrenderer|render|shader|rhi,email|translation|copywriting,Runtime\SlateNullRenderer\SlateNullRenderer.Build.cs
SlateRHIRenderer,Runtime,unreal-umg-lifecycle,unreal-cpp-foundations,medium,domain_mapping,slaterhirenderer|ui|umg|slate,email|translation|copywriting,Runtime\SlateRHIRenderer\SlateRHIRenderer.Build.cs
Sockets,Runtime,unreal-module-build,unreal-cpp-foundations,medium,domain_mapping,sockets|unreal|module,email|translation|copywriting,Runtime\Sockets\Sockets.Build.cs
SoundFieldRendering,Runtime,unreal-cpp-foundations,unreal-module-build,medium,domain_mapping,soundfieldrendering|audio|sound|metasound,email|translation|copywriting,Runtime\SoundFieldRendering\SoundFieldRendering.Build.cs
SSL,Runtime,unreal-serialization-savegames,unreal-cpp-foundations,medium,domain_mapping,ssl|network|online|replication,email|translation|copywriting,Runtime\Online\SSL\SSL.Build.cs
StageDataCore,Runtime,unreal-module-build,unreal-cpp-foundations,medium,domain_mapping,stagedatacore|core|engine|uobject,email|translation|copywriting,Runtime\VirtualProduction\StageDataCore\StageDataCore.build.cs
StateStream,Runtime,unreal-module-build,unreal-cpp-foundations,medium,domain_mapping,statestream|unreal|module|state,email|translation|copywriting,Runtime\StateStream\StateStream.Build.cs
StaticMeshDescription,Runtime,unreal-module-build,unreal-cpp-foundations,medium,domain_mapping,staticmeshdescription|unreal|module|static,email|translation|copywriting,Runtime\StaticMeshDescription\StaticMeshDescription.Build.cs
Stomp,Runtime,unreal-serialization-savegames,unreal-cpp-foundations,medium,domain_mapping,stomp|network|online|replication,email|translation|copywriting,Runtime\Online\Stomp\Stomp.Build.cs
StorageServerClient,Runtime,unreal-module-build,unreal-cpp-foundations,medium,domain_mapping,storageserverclient|unreal|module|storage,email|translation|copywriting,Runtime\StorageServerClient\StorageServerClient.Build.cs
StorageServerClientDebug,Runtime,unreal-module-build,unreal-cpp-foundations,medium,domain_mapping,storageserverclientdebug|unreal|module|storage,email|translation|copywriting,Runtime\StorageServerClientDebug\StorageServerClientDebug.Build.cs
StreamingFile,Runtime,unreal-module-build,unreal-cpp-foundations,medium,domain_mapping,streamingfile|unreal|module|streaming,email|translation|copywriting,Runtime\StreamingFile\StreamingFile.Build.cs
StreamingPauseRendering,Runtime,unreal-module-build,unreal-cpp-foundations,medium,domain_mapping,streamingpauserendering|unreal|module|streaming,email|translation|copywriting,Runtime\StreamingPauseRendering\StreamingPauseRendering.Build.cs
StudioTelemetry,Runtime,unreal-module-build,unreal-cpp-foundations,medium,domain_mapping,studiotelemetry|unreal|module|studio,email|translation|copywriting,Runtime\StudioTelemetry\StudioTelemetry.build.cs
SymsLib,Runtime,unreal-module-build,unreal-cpp-foundations,medium,domain_mapping,symslib|unreal|module|syms,email|translation|copywriting,Runtime\SymsLib\SymsLib.Build.cs
SynthBenchmark,Runtime,unreal-cpp-foundations,unreal-module-build,medium,domain_mapping,synthbenchmark|audio|sound|metasound,email|translation|copywriting,Runtime\SynthBenchmark\SynthBenchmark.Build.cs
TelemetryUtils,Runtime,unreal-module-build,unreal-cpp-foundations,medium,domain_mapping,telemetryutils|unreal|module|telemetry,email|translation|copywriting,Runtime\Analytics\TelemetryUtils\TelemetryUtils.Build.cs
TextureUtilitiesCommon,Runtime,unreal-module-build,unreal-cpp-foundations,medium,domain_mapping,textureutilitiescommon|unreal|module|texture,email|translation|copywriting,Runtime\TextureUtilitiesCommon\TextureUtilitiesCommon.build.cs
TimeManagement,Runtime,unreal-module-build,unreal-cpp-foundations,medium,domain_mapping,timemanagement|unreal|module|time,email|translation|copywriting,Runtime\TimeManagement\TimeManagement.Build.cs
TraceLog,Runtime,unreal-module-build,unreal-cpp-foundations,medium,domain_mapping,tracelog|unreal|module|trace,email|translation|copywriting,Runtime\TraceLog\TraceLog.Build.cs
TypedElementFramework,Runtime,unreal-module-build,unreal-cpp-foundations,medium,domain_mapping,typedelementframework|unreal|module|typed,email|translation|copywriting,Runtime\TypedElementFramework\TypedElementFramework.Build.cs
TypedElementRuntime,Runtime,unreal-module-build,unreal-cpp-foundations,medium,domain_mapping,typedelementruntime|unreal|module|typed,email|translation|copywriting,Runtime\TypedElementRuntime\TypedElementRuntime.Build.cs
UEJpegComp,Runtime,unreal-module-build,unreal-cpp-foundations,medium,domain_mapping,uejpegcomp|unreal|module|uejpeg,email|translation|copywriting,Runtime\UEJpegComp\UEJpegComp.Build.cs
UELibrary,Runtime,unreal-module-build,unreal-cpp-foundations,medium,domain_mapping,uelibrary|unreal|module,email|translation|copywriting,Runtime\UELibrary\UELibrary.Build.cs
UEWavComp,Runtime,unreal-module-build,unreal-cpp-foundations,medium,domain_mapping,uewavcomp|unreal|module|uewav,email|translation|copywriting,Runtime\UEWavComp\UEWavComp.Build.cs
uLangCore,Runtime,unreal-module-build,unreal-cpp-foundations,medium,domain_mapping,ulangcore|core|engine|uobject,email|translation|copywriting,Runtime\Solaris\uLangCore\uLangCore.Build.cs
uLangJSON,Runtime,unreal-module-build,unreal-cpp-foundations,medium,domain_mapping,ulangjson|unreal|module|lang,email|translation|copywriting,Runtime\Solaris\uLangJSON\uLangJSON.Build.cs
uLangUE,Runtime,unreal-module-build,unreal-cpp-foundations,medium,domain_mapping,ulangue|unreal|module|lang,email|translation|copywriting,Runtime\Solaris\uLangUE\uLangUE.Build.cs
UMG,Runtime,unreal-umg-lifecycle,unreal-cpp-foundations,high,module_override,umg|ui|slate,email|translation|copywriting,Runtime\UMG\UMG.Build.cs
UniversalObjectLocator,Runtime,unreal-module-build,unreal-cpp-foundations,medium,domain_mapping,universalobjectlocator|unreal|module|universal,email|translation|copywriting,Runtime\UniversalObjectLocator\UniversalObjectLocator.Build.cs
UnixCommonStartup,Runtime,unreal-module-build,unreal-cpp-foundations,medium,domain_mapping,unixcommonstartup|unreal|module|unix,email|translation|copywriting,Runtime\Unix\UnixCommonStartup\UnixCommonStartup.Build.cs
UnrealGame,Runtime,unreal-module-build,unreal-cpp-foundations,medium,domain_mapping,unrealgame|unreal|module|game,email|translation|copywriting,Runtime\UnrealGame\UnrealGame.Build.cs
VectorVM,Runtime,unreal-module-build,unreal-cpp-foundations,medium,domain_mapping,vectorvm|unreal|module|vector,email|translation|copywriting,Runtime\VectorVM\VectorVM.Build.cs
VerseCompiler,Runtime,unreal-module-build,unreal-cpp-foundations,medium,domain_mapping,versecompiler|unreal|module|verse,email|translation|copywriting,Runtime\VerseCompiler\VerseCompiler.Build.cs
VirtualFileCache,Runtime,unreal-module-build,unreal-cpp-foundations,medium,domain_mapping,virtualfilecache|unreal|module|virtual,email|translation|copywriting,Runtime\VirtualFileCache\VirtualFileCache.Build.cs
VirtualProduction,Runtime,unreal-module-build,unreal-cpp-foundations,medium,domain_mapping,virtualproduction|unreal|module|virtual,email|translation|copywriting,Runtime\VirtualProduction\VirtualProduction\VirtualProduction.build.cs
Voice,Runtime,unreal-cpp-foundations,unreal-module-build,medium,domain_mapping,voice|audio|sound|metasound,email|translation|copywriting,Runtime\Online\Voice\Voice.Build.cs
VorbisAudioDecoder,Runtime,unreal-cpp-foundations,unreal-module-build,medium,domain_mapping,vorbisaudiodecoder|audio|sound|metasound,email|translation|copywriting,Runtime\VorbisAudioDecoder\Module\VorbisAudioDecoder.Build.cs
Voronoi,Runtime,unreal-module-build,unreal-cpp-foundations,medium,domain_mapping,voronoi|unreal|module,email|translation|copywriting,Runtime\Experimental\Voronoi\Voronoi.Build.cs
VulkanRHI,Runtime,unreal-testing-debugging,unreal-module-build,medium,domain_mapping,vulkanrhi|render|shader|rhi,email|translation|copywriting,Runtime\VulkanRHI\VulkanRHI.Build.cs
WebBrowser,Runtime,unreal-module-build,unreal-cpp-foundations,medium,domain_mapping,webbrowser|unreal|module|web,email|translation|copywriting,Runtime\WebBrowser\WebBrowser.Build.cs
WebBrowserTexture,Runtime,unreal-module-build,unreal-cpp-foundations,medium,domain_mapping,webbrowsertexture|unreal|module|web,email|translation|copywriting,Runtime\WebBrowserTexture\WebBrowserTexture.Build.cs
WebSockets,Runtime,unreal-serialization-savegames,unreal-cpp-foundations,high,module_override,websockets|network|online|replication,email|translation|copywriting,Runtime\Online\WebSockets\WebSockets.Build.cs
WidgetCarousel,Runtime,unreal-umg-lifecycle,unreal-cpp-foundations,medium,domain_mapping,widgetcarousel|ui|umg|slate,email|translation|copywriting,Runtime\WidgetCarousel\WidgetCarousel.Build.cs
WindowsMMDeviceEnumeration,Runtime,unreal-cpp-foundations,unreal-module-build,medium,domain_mapping,windowsmmdeviceenumeration|audio|sound|metasound,email|translation|copywriting,Runtime\AudioDeviceEnumeration\Windows\WindowsMMDeviceEnumeration\WindowsMMDeviceEnumeration.Build.cs
WindowsPlatformFeatures,Runtime,unreal-module-build,unreal-cpp-foundations,medium,domain_mapping,windowsplatformfeatures|unreal|module|windows,email|translation|copywriting,Runtime\Windows\WindowsPlatformFeatures\WindowsPlatformFeatures.Build.cs
XmlParser,Runtime,unreal-module-build,unreal-cpp-foundations,medium,domain_mapping,xmlparser|unreal|module|xml,email|translation|copywriting,Runtime\XmlParser\XmlParser.Build.cs
XMPP,Runtime,unreal-serialization-savegames,unreal-cpp-foundations,medium,domain_mapping,xmpp|network|online|replication,email|translation|copywriting,Runtime\Online\XMPP\XMPP.Build.cs
AlembicLib,ThirdParty,unreal-testing-debugging,unreal-module-build,medium,domain_mapping,alembiclib|asset|cook|package,email|translation|copywriting,ThirdParty\Alembic\AlembicLib.Build.cs
AMD_AGS,ThirdParty,unreal-testing-debugging,unreal-module-build,medium,domain_mapping,amd_ags|render|shader|rhi,email|translation|copywriting,ThirdParty\AMD\AMD_AGS\AMD_AGS.Build.cs
Amf,ThirdParty,unreal-testing-debugging,unreal-module-build,medium,domain_mapping,amf|render|shader|rhi,email|translation|copywriting,ThirdParty\AMD\Amf\Amf.Build.cs
ArmlibGPUInfo,ThirdParty,unreal-module-build,unreal-cpp-foundations,low,domain_mapping,armlibgpuinfo|unreal|module|armlib,email|translation|copywriting,ThirdParty\ARM\ArmlibGPUInfo\ArmlibGPUInfo.Build.cs
Asio,ThirdParty,unreal-serialization-savegames,unreal-cpp-foundations,medium,domain_mapping,asio|network|online|replication,email|translation|copywriting,ThirdParty\asio\Asio.Build.cs
astcenc,ThirdParty,unreal-testing-debugging,unreal-module-build,medium,domain_mapping,astcenc|asset|cook|package,email|translation|copywriting,ThirdParty\astcenc\astcenc.Build.cs
AtomicQueue,ThirdParty,unreal-module-build,unreal-cpp-foundations,low,domain_mapping,atomicqueue|unreal|module|atomic,email|translation|copywriting,ThirdParty\AtomicQueue\AtomicQueue.Build.cs
BLAKE3,ThirdParty,unreal-testing-debugging,unreal-module-build,medium,domain_mapping,blake3|asset|cook|package,email|translation|copywriting,ThirdParty\BLAKE3\BLAKE3.Build.cs
Blosc,ThirdParty,unreal-module-build,unreal-cpp-foundations,low,domain_mapping,blosc|unreal|module,email|translation|copywriting,ThirdParty\Blosc\Blosc.Build.cs
Boost,ThirdParty,unreal-testing-debugging,unreal-module-build,medium,domain_mapping,boost|asset|cook|package,email|translation|copywriting,ThirdParty\Boost\Boost.Build.cs
Catch2,ThirdParty,unreal-module-build,unreal-cpp-foundations,low,domain_mapping,catch2|unreal|module,email|translation|copywriting,ThirdParty\Catch2\Catch2.build.cs
Catch2Extras,ThirdParty,unreal-module-build,unreal-cpp-foundations,low,domain_mapping,catch2extras|unreal|module|catch2,email|translation|copywriting,ThirdParty\Catch2\Catch2Extras.Build.cs
CEF3,ThirdParty,unreal-umg-lifecycle,unreal-cpp-foundations,medium,domain_mapping,cef3|ui|umg|slate,email|translation|copywriting,ThirdParty\CEF3\CEF3.build.cs
ConcurrencyVisualizer,ThirdParty,unreal-module-build,unreal-cpp-foundations,low,domain_mapping,concurrencyvisualizer|unreal|module|concurrency,email|translation|copywriting,ThirdParty\ConcurrencyVisualizer\ConcurrencyVisualizer.Build.cs
coremod,ThirdParty,unreal-module-build,unreal-cpp-foundations,low,domain_mapping,coremod|unreal|module,email|translation|copywriting,ThirdParty\coremod\coremod.Build.cs
CUDAHeader,ThirdParty,unreal-testing-debugging,unreal-module-build,medium,domain_mapping,cudaheader|render|shader|rhi,email|translation|copywriting,ThirdParty\NVIDIA\CUDA\CUDAHeader.Build.cs
DirectML,ThirdParty,unreal-testing-debugging,unreal-module-build,medium,domain_mapping,directml|render|shader|rhi,email|translation|copywriting,ThirdParty\DirectML\DirectML.Build.cs
DirectShow,ThirdParty,unreal-module-build,unreal-cpp-foundations,low,domain_mapping,directshow|unreal|module|direct,email|translation|copywriting,ThirdParty\DirectShow\DirectShow.Build.cs
DirectSound,ThirdParty,unreal-cpp-foundations,unreal-module-build,medium,domain_mapping,directsound|audio|sound|metasound,email|translation|copywriting,ThirdParty\Windows\DirectSound\DirectSound.Build.cs
DirectX,ThirdParty,unreal-testing-debugging,unreal-module-build,medium,domain_mapping,directx|render|shader|rhi,email|translation|copywriting,ThirdParty\Windows\DirectX\DirectX.Build.cs
DNxHR,ThirdParty,unreal-cpp-foundations,unreal-module-build,medium,domain_mapping,dnxhr|media|movie|video,email|translation|copywriting,ThirdParty\AvidDNxHD\DNxHR\DNxHR.Build.cs
DNxMXF,ThirdParty,unreal-cpp-foundations,unreal-module-build,medium,domain_mapping,dnxmxf|media|movie|video,email|translation|copywriting,ThirdParty\AvidDNxHD\DNxMXF\DNxMXF.Build.cs
DNxUncompressed,ThirdParty,unreal-cpp-foundations,unreal-module-build,medium,domain_mapping,dnxuncompressed|media|movie|video,email|translation|copywriting,ThirdParty\AvidDNxHD\DNxUncompressed\DNxUncompressed.Build.cs
dr_libs,ThirdParty,unreal-testing-debugging,unreal-module-build,medium,domain_mapping,dr_libs|asset|cook|package,email|translation|copywriting,ThirdParty\dr_libs\dr_libs.Build.cs
DX11,ThirdParty,unreal-testing-debugging,unreal-module-build,medium,domain_mapping,dx11|render|shader|rhi,email|translation|copywriting,ThirdParty\Windows\DX11\DX11.Build.cs
DX11Audio,ThirdParty,unreal-testing-debugging,unreal-module-build,medium,domain_mapping,dx11audio|render|shader|rhi,email|translation|copywriting,ThirdParty\Windows\DX11\DX11Audio.Build.cs
DX12,ThirdParty,unreal-testing-debugging,unreal-module-build,medium,domain_mapping,dx12|render|shader|rhi,email|translation|copywriting,ThirdParty\Windows\DX12\DX12.Build.cs
DX9,ThirdParty,unreal-testing-debugging,unreal-module-build,medium,domain_mapping,dx9|render|shader|rhi,email|translation|copywriting,ThirdParty\Windows\DX9\DX9.Build.cs
Eigen,ThirdParty,unreal-testing-debugging,unreal-module-build,medium,domain_mapping,eigen|asset|cook|package,email|translation|copywriting,ThirdParty\Eigen\Eigen.Build.cs
Embree,ThirdParty,unreal-testing-debugging,unreal-module-build,medium,domain_mapping,embree|render|shader|rhi,email|translation|copywriting,ThirdParty\Intel\Embree\Embree.Build.cs
EOSSDK,ThirdParty,unreal-serialization-savegames,unreal-cpp-foundations,medium,domain_mapping,eossdk|network|online|replication,email|translation|copywriting,ThirdParty\EOSSDK\EOSSDK.Build.cs
etc2comp,ThirdParty,unreal-testing-debugging,unreal-module-build,medium,domain_mapping,etc2comp|asset|cook|package,email|translation|copywriting,ThirdParty\etc2comp\etc2comp.Build.cs
Expat,ThirdParty,unreal-testing-debugging,unreal-module-build,medium,domain_mapping,expat|asset|cook|package,email|translation|copywriting,ThirdParty\Expat\Expat.Build.cs
Facebook,ThirdParty,unreal-module-build,unreal-cpp-foundations,low,domain_mapping,facebook|unreal|module,email|translation|copywriting,ThirdParty\Facebook\Facebook.Build.cs
FBX,ThirdParty,unreal-testing-debugging,unreal-module-build,medium,domain_mapping,fbx|asset|cook|package,email|translation|copywriting,ThirdParty\FBX\FBX.Build.cs
ForsythTriOptimizer,ThirdParty,unreal-module-build,unreal-cpp-foundations,low,domain_mapping,forsythtrioptimizer|unreal|module|forsyth,email|translation|copywriting,ThirdParty\ForsythTriOO\ForsythTriOptimizer.Build.cs
FreeImage,ThirdParty,unreal-module-build,unreal-cpp-foundations,low,domain_mapping,freeimage|unreal|module|free,email|translation|copywriting,ThirdParty\FreeImage\FreeImage.Build.cs
FreeType2,ThirdParty,unreal-umg-lifecycle,unreal-cpp-foundations,medium,domain_mapping,freetype2|ui|umg|slate,email|translation|copywriting,ThirdParty\FreeType2\FreeType2.Build.cs
GeForceNOW,ThirdParty,unreal-module-build,unreal-cpp-foundations,low,domain_mapping,geforcenow|unreal|module|force,email|translation|copywriting,ThirdParty\NVIDIA\GeForceNOW\GeForceNOW.Build.cs
GoogleARCoreSDK,ThirdParty,unreal-cpp-foundations,unreal-module-build,medium,domain_mapping,googlearcoresdk|xr|vr|ar,email|translation|copywriting,ThirdParty\GoogleARCore\GoogleARCoreSDK.build.cs
GoogleGameSDK,ThirdParty,unreal-module-build,unreal-cpp-foundations,low,domain_mapping,googlegamesdk|unreal|module|google,email|translation|copywriting,ThirdParty\GoogleGameSDK\GoogleGameSDK.Build.cs
GoogleOboe,ThirdParty,unreal-module-build,unreal-cpp-foundations,low,domain_mapping,googleoboe|unreal|module|google,email|translation|copywriting,ThirdParty\GoogleOboe\GoogleOboe.Build.cs
GoogleTest,ThirdParty,unreal-module-build,unreal-cpp-foundations,low,domain_mapping,googletest|unreal|module|google,email|translation|copywriting,ThirdParty\GoogleTest\GoogleTest.Build.cs
GPUDirect,ThirdParty,unreal-module-build,unreal-cpp-foundations,low,domain_mapping,gpudirect|unreal|module,email|translation|copywriting,ThirdParty\NVIDIA\GPUDirect\GPUDirect.Build.cs
GuidelinesSupportLibrary,ThirdParty,unreal-module-build,unreal-cpp-foundations,low,domain_mapping,guidelinessupportlibrary|unreal|module|guidelines,email|translation|copywriting,ThirdParty\GuidelinesSupportLibrary\GuidelinesSupportLibrary.Build.cs
HAPLib,ThirdParty,unreal-module-build,unreal-cpp-foundations,low,domain_mapping,haplib|unreal|module,email|translation|copywriting,ThirdParty\HAPMedia\HAPLib\HAPLib.Build.cs
HarfBuzz,ThirdParty,unreal-umg-lifecycle,unreal-cpp-foundations,medium,domain_mapping,harfbuzz|ui|umg|slate,email|translation|copywriting,ThirdParty\HarfBuzz\HarfBuzz.Build.cs
heapprofd,ThirdParty,unreal-module-build,unreal-cpp-foundations,low,domain_mapping,heapprofd|unreal|module,email|translation|copywriting,ThirdParty\heapprofd\heapprofd.Build.cs
HLSLCC,ThirdParty,unreal-module-build,unreal-cpp-foundations,low,domain_mapping,hlslcc|unreal|module,email|translation|copywriting,ThirdParty\hlslcc\HLSLCC.Build.cs
ICU,ThirdParty,unreal-umg-lifecycle,unreal-cpp-foundations,medium,domain_mapping,icu|ui|umg|slate,email|translation|copywriting,ThirdParty\ICU\ICU.Build.cs
Imath,ThirdParty,unreal-module-build,unreal-cpp-foundations,low,domain_mapping,imath|unreal|module,email|translation|copywriting,ThirdParty\Imath\Imath.Build.cs
IntelExtensionsFramework,ThirdParty,unreal-module-build,unreal-cpp-foundations,low,domain_mapping,intelextensionsframework|unreal|module|intel,email|translation|copywriting,ThirdParty\Intel\ExtensionsFramework\IntelExtensionsFramework.Build.cs
IntelISPC,ThirdParty,unreal-testing-debugging,unreal-module-build,medium,domain_mapping,intelispc|asset|cook|package,email|translation|copywriting,ThirdParty\Intel\ISPC\IntelISPC.Build.cs
IntelISPCTexComp,ThirdParty,unreal-module-build,unreal-cpp-foundations,low,domain_mapping,intelispctexcomp|unreal|module|intel,email|translation|copywriting,ThirdParty\Intel\ISPCTexComp\IntelISPCTexComp.Build.cs
IntelOIDN,ThirdParty,unreal-module-build,unreal-cpp-foundations,low,domain_mapping,inteloidn|unreal|module|intel,email|translation|copywriting,ThirdParty\Intel\OIDN\IntelOIDN.Build.cs
IntelTBB,ThirdParty,unreal-module-build,unreal-cpp-foundations,low,domain_mapping,inteltbb|unreal|module|intel,email|translation|copywriting,ThirdParty\Intel\TBB\IntelTBB.Build.cs
IntelVTune,ThirdParty,unreal-module-build,unreal-cpp-foundations,low,domain_mapping,intelvtune|unreal|module|intel,email|translation|copywriting,ThirdParty\Intel\VTune\IntelVTune.Build.cs
jemalloc,ThirdParty,unreal-module-build,unreal-cpp-foundations,low,domain_mapping,jemalloc|unreal|module,email|translation|copywriting,ThirdParty\jemalloc\jemalloc.Build.cs
Kiss_FFT,ThirdParty,unreal-module-build,unreal-cpp-foundations,low,domain_mapping,kiss_fft|unreal|module|kiss,email|translation|copywriting,ThirdParty\Kiss_FFT\Kiss_FFT.Build.cs
libav,ThirdParty,unreal-module-build,unreal-cpp-foundations,low,domain_mapping,libav|unreal|module,email|translation|copywriting,ThirdParty\libav\libav.Build.cs
libcurl,ThirdParty,unreal-serialization-savegames,unreal-cpp-foundations,medium,domain_mapping,libcurl|network|online|replication,email|translation|copywriting,ThirdParty\libcurl\libcurl.Build.cs
libFLAC,ThirdParty,unreal-module-build,unreal-cpp-foundations,low,domain_mapping,libflac|unreal|module|lib,email|translation|copywriting,ThirdParty\libFLAC\libFLAC.build.cs
libGPUCounters,ThirdParty,unreal-module-build,unreal-cpp-foundations,low,domain_mapping,libgpucounters|unreal|module|lib,email|translation|copywriting,ThirdParty\libGPUCounters\libGPUCounters.Build.cs
LibJpegTurbo,ThirdParty,unreal-module-build,unreal-cpp-foundations,low,domain_mapping,libjpegturbo|unreal|module|turbo,email|translation|copywriting,ThirdParty\libjpeg-turbo\LibJpegTurbo.Build.cs
libOpus,ThirdParty,unreal-cpp-foundations,unreal-module-build,medium,domain_mapping,libopus|audio|sound|metasound,email|translation|copywriting,ThirdParty\libOpus\libOpus.build.cs
libpas,ThirdParty,unreal-module-build,unreal-cpp-foundations,low,domain_mapping,libpas|unreal|module,email|translation|copywriting,ThirdParty\libpas\src\libpas\libpas.Build.cs
LibPhonon,ThirdParty,unreal-module-build,unreal-cpp-foundations,low,domain_mapping,libphonon|unreal|module|lib,email|translation|copywriting,ThirdParty\libPhonon\LibPhonon.Build.cs
libstrophe,ThirdParty,unreal-module-build,unreal-cpp-foundations,low,domain_mapping,libstrophe|unreal|module,email|translation|copywriting,ThirdParty\libstrophe\libstrophe.Build.cs
LibTiff,ThirdParty,unreal-module-build,unreal-cpp-foundations,low,domain_mapping,libtiff|unreal|module|lib,email|translation|copywriting,ThirdParty\LibTiff\LibTiff.Build.cs
libvpx,ThirdParty,unreal-module-build,unreal-cpp-foundations,low,domain_mapping,libvpx|unreal|module,email|translation|copywriting,ThirdParty\libvpx\libvpx.build.cs
libWebSockets,ThirdParty,unreal-serialization-savegames,unreal-cpp-foundations,medium,domain_mapping,libwebsockets|network|online|replication,email|translation|copywriting,ThirdParty\libWebSockets\libWebSockets.Build.cs
libzip,ThirdParty,unreal-module-build,unreal-cpp-foundations,low,domain_mapping,libzip|unreal|module,email|translation|copywriting,ThirdParty\libzip\libzip.Build.cs
MaterialX,ThirdParty,unreal-module-build,unreal-cpp-foundations,low,domain_mapping,materialx|unreal|module|material,email|translation|copywriting,ThirdParty\MaterialX\MaterialX.Build.cs
MetalCPP,ThirdParty,unreal-module-build,unreal-cpp-foundations,low,domain_mapping,metalcpp|unreal|module|metal,email|translation|copywriting,ThirdParty\MetalCPP\MetalCPP.Build.cs
MetalShaderConverter,ThirdParty,unreal-module-build,unreal-cpp-foundations,low,domain_mapping,metalshaderconverter|unreal|module|metal,email|translation|copywriting,ThirdParty\Apple\MetalShaderConverter\MetalShaderConverter.build.cs
metis,ThirdParty,unreal-module-build,unreal-cpp-foundations,low,domain_mapping,metis|unreal|module,email|translation|copywriting,ThirdParty\metis\metis.Build.cs
MikkTSpace,ThirdParty,unreal-module-build,unreal-cpp-foundations,low,domain_mapping,mikktspace|unreal|module|mikk,email|translation|copywriting,ThirdParty\MikkTSpace\MikkTSpace.build.cs
mimalloc,ThirdParty,unreal-module-build,unreal-cpp-foundations,low,domain_mapping,mimalloc|unreal|module,email|translation|copywriting,ThirdParty\mimalloc\mimalloc.Build.cs
MsQuic,ThirdParty,unreal-module-build,unreal-cpp-foundations,low,domain_mapping,msquic|unreal|module|quic,email|translation|copywriting,ThirdParty\MsQuic\MsQuic.Build.cs
nanoflann,ThirdParty,unreal-module-build,unreal-cpp-foundations,low,domain_mapping,nanoflann|unreal|module,email|translation|copywriting,ThirdParty\nanoflann\nanoflann.Build.cs
nanosvg,ThirdParty,unreal-module-build,unreal-cpp-foundations,low,domain_mapping,nanosvg|unreal|module,email|translation|copywriting,ThirdParty\nanosvg\nanosvg.Build.cs
nghttp2,ThirdParty,unreal-module-build,unreal-cpp-foundations,low,domain_mapping,nghttp2|unreal|module,email|translation|copywriting,ThirdParty\nghttp2\nghttp2.Build.cs
NVaftermath,ThirdParty,unreal-module-build,unreal-cpp-foundations,low,domain_mapping,nvaftermath|unreal|module,email|translation|copywriting,ThirdParty\NVIDIA\NVaftermath\NVaftermath.Build.cs
NVAPI,ThirdParty,unreal-testing-debugging,unreal-module-build,medium,domain_mapping,nvapi|render|shader|rhi,email|translation|copywriting,ThirdParty\NVIDIA\nvapi\NVAPI.Build.cs
nvDecode,ThirdParty,unreal-module-build,unreal-cpp-foundations,low,domain_mapping,nvdecode|unreal|module|decode,email|translation|copywriting,ThirdParty\NVIDIA\nvDecode\nvDecode.Build.cs
nvEncode,ThirdParty,unreal-module-build,unreal-cpp-foundations,low,domain_mapping,nvencode|unreal|module|encode,email|translation|copywriting,ThirdParty\NVIDIA\nvEncode\nvEncode.Build.cs
NVML,ThirdParty,unreal-module-build,unreal-cpp-foundations,low,domain_mapping,nvml|unreal|module,email|translation|copywriting,ThirdParty\NVIDIA\NVML\NVML.build.cs
nvTessLib,ThirdParty,unreal-module-build,unreal-cpp-foundations,low,domain_mapping,nvtesslib|unreal|module|tess,email|translation|copywriting,ThirdParty\nvtesslib\nvTessLib.Build.cs
nvTextureTools,ThirdParty,unreal-module-build,unreal-cpp-foundations,low,domain_mapping,nvtexturetools|unreal|module|texture,email|translation|copywriting,ThirdParty\nvTextureTools\nvTextureTools.Build.cs
nvTriStrip,ThirdParty,unreal-module-build,unreal-cpp-foundations,low,domain_mapping,nvtristrip|unreal|module|tri,email|translation|copywriting,ThirdParty\nvTriStrip\nvTriStrip.Build.cs
OculusOpenXRLoader,ThirdParty,unreal-cpp-foundations,unreal-module-build,medium,domain_mapping,oculusopenxrloader|xr|vr|ar,email|translation|copywriting,ThirdParty\Oculus\OculusOpenXRLoader\OculusOpenXRLoader.build.cs
OpenColorIOLib,ThirdParty,unreal-module-build,unreal-cpp-foundations,low,domain_mapping,opencoloriolib|unreal|module|open,email|translation|copywriting,ThirdParty\OpenColorIO\OpenColorIOLib.Build.cs
OpenGL,ThirdParty,unreal-testing-debugging,unreal-module-build,medium,domain_mapping,opengl|render|shader|rhi,email|translation|copywriting,ThirdParty\OpenGL\OpenGL.Build.cs
OpenSSL,ThirdParty,unreal-serialization-savegames,unreal-cpp-foundations,medium,domain_mapping,openssl|network|online|replication,email|translation|copywriting,ThirdParty\OpenSSL\OpenSSL.Build.cs
OpenSubdiv,ThirdParty,unreal-module-build,unreal-cpp-foundations,low,domain_mapping,opensubdiv|unreal|module|open,email|translation|copywriting,ThirdParty\OpenSubdiv\OpenSubdiv.Build.cs
OpenVDB,ThirdParty,unreal-module-build,unreal-cpp-foundations,low,domain_mapping,openvdb|unreal|module|open,email|translation|copywriting,ThirdParty\OpenVDB\OpenVDB.Build.cs
OpenXR,ThirdParty,unreal-cpp-foundations,unreal-module-build,medium,domain_mapping,openxr|xr|vr|ar,email|translation|copywriting,ThirdParty\OpenXR\OpenXR.Build.cs
Perforce,ThirdParty,unreal-module-build,unreal-cpp-foundations,low,domain_mapping,perforce|unreal|module,email|translation|copywriting,ThirdParty\Perforce\Perforce.Build.cs
PLCrashReporter,ThirdParty,unreal-module-build,unreal-cpp-foundations,low,domain_mapping,plcrashreporter|unreal|module|plcrash,email|translation|copywriting,ThirdParty\PLCrashReporter\PLCrashReporter.Build.cs
portmidi,ThirdParty,unreal-module-build,unreal-cpp-foundations,low,domain_mapping,portmidi|unreal|module,email|translation|copywriting,ThirdParty\portmidi\portmidi.Build.cs
ProResLib,ThirdParty,unreal-module-build,unreal-cpp-foundations,low,domain_mapping,proreslib|unreal|module|pro,email|translation|copywriting,ThirdParty\Apple\ProResLib\ProResLib.Build.cs
Protobuf,ThirdParty,unreal-testing-debugging,unreal-module-build,medium,domain_mapping,protobuf|asset|cook|package,email|translation|copywriting,ThirdParty\Protobuf\Protobuf.Build.cs
pugixml,ThirdParty,unreal-module-build,unreal-cpp-foundations,low,domain_mapping,pugixml|unreal|module,email|translation|copywriting,ThirdParty\pugixml\pugixml.Build.cs
Python3,ThirdParty,unreal-module-build,unreal-cpp-foundations,low,domain_mapping,python3|unreal|module,email|translation|copywriting,ThirdParty\Python3\Python3.Build.cs
RapidJSON,ThirdParty,unreal-module-build,unreal-cpp-foundations,low,domain_mapping,rapidjson|unreal|module|rapid,email|translation|copywriting,ThirdParty\RapidJSON\RapidJSON.Build.cs
RenderDoc,ThirdParty,unreal-module-build,unreal-cpp-foundations,low,domain_mapping,renderdoc|unreal|module|render,email|translation|copywriting,ThirdParty\RenderDoc\RenderDoc.Build.cs
RivermaxLib,ThirdParty,unreal-module-build,unreal-cpp-foundations,low,domain_mapping,rivermaxlib|unreal|module|rivermax,email|translation|copywriting,ThirdParty\NVIDIA\Rivermax\RivermaxLib.build.cs
rpclib,ThirdParty,unreal-module-build,unreal-cpp-foundations,low,domain_mapping,rpclib|unreal|module,email|translation|copywriting,ThirdParty\rpclib\rpclib.Build.cs
SDL2,ThirdParty,unreal-module-build,unreal-cpp-foundations,low,domain_mapping,sdl2|unreal|module,email|translation|copywriting,ThirdParty\SDL2\SDL2.Build.cs
ShaderConductor,ThirdParty,unreal-module-build,unreal-cpp-foundations,low,domain_mapping,shaderconductor|unreal|module|shader,email|translation|copywriting,ThirdParty\ShaderConductor\ShaderConductor.Build.cs
simde,ThirdParty,unreal-module-build,unreal-cpp-foundations,low,domain_mapping,simde|unreal|module,email|translation|copywriting,ThirdParty\simde\simde.Build.cs
SnappyLib,ThirdParty,unreal-module-build,unreal-cpp-foundations,low,domain_mapping,snappylib|unreal|module|snappy,email|translation|copywriting,ThirdParty\HAPMedia\SnappyLib\SnappyLib.Build.cs
SoundTouchZ,ThirdParty,unreal-module-build,unreal-cpp-foundations,low,domain_mapping,soundtouchz|unreal|module|sound,email|translation|copywriting,ThirdParty\SoundTouchZ\SoundTouchZ.Build.cs
SpeedTree,ThirdParty,unreal-module-build,unreal-cpp-foundations,low,domain_mapping,speedtree|unreal|module|speed,email|translation|copywriting,ThirdParty\SpeedTree\SpeedTree.Build.cs
SPIRVReflect,ThirdParty,unreal-testing-debugging,unreal-module-build,medium,domain_mapping,spirvreflect|render|shader|rhi,email|translation|copywriting,ThirdParty\SPIRV-Reflect\SPIRVReflect.Build.cs
stb_image_resize2,ThirdParty,unreal-module-build,unreal-cpp-foundations,low,domain_mapping,stb_image_resize2|unreal|module|stb,email|translation|copywriting,ThirdParty\stb_image_resize\stb_image_resize2.Build.cs
Steamworks,ThirdParty,unreal-serialization-savegames,unreal-cpp-foundations,medium,domain_mapping,steamworks|network|online|replication,email|translation|copywriting,ThirdParty\Steamworks\Steamworks.build.cs
SuperLuminal,ThirdParty,unreal-module-build,unreal-cpp-foundations,low,domain_mapping,superluminal|unreal|module|super,email|translation|copywriting,ThirdParty\SuperLuminal\SuperLuminal.Build.cs
Swift,ThirdParty,unreal-module-build,unreal-cpp-foundations,low,domain_mapping,swift|unreal|module,email|translation|copywriting,ThirdParty\Apple\Swift\Swift.Build.cs
TinyXML2,ThirdParty,unreal-module-build,unreal-cpp-foundations,low,domain_mapping,tinyxml2|unreal|module|tiny,email|translation|copywriting,ThirdParty\TinyXML2\TinyXML2.Build.cs
UElibJPG,ThirdParty,unreal-module-build,unreal-cpp-foundations,low,domain_mapping,uelibjpg|unreal|module|jpg,email|translation|copywriting,ThirdParty\libJPG\UElibJPG.Build.cs
UElibPNG,ThirdParty,unreal-module-build,unreal-cpp-foundations,low,domain_mapping,uelibpng|unreal|module|png,email|translation|copywriting,ThirdParty\libPNG\UElibPNG.Build.cs
UElibSampleRate,ThirdParty,unreal-module-build,unreal-cpp-foundations,low,domain_mapping,uelibsamplerate|unreal|module|sample,email|translation|copywriting,ThirdParty\libSampleRate\UElibSampleRate.Build.cs
UEOgg,ThirdParty,unreal-cpp-foundations,unreal-module-build,medium,domain_mapping,ueogg|audio|sound|metasound,email|translation|copywriting,ThirdParty\Ogg\UEOgg.Build.cs
UEOpenExr,ThirdParty,unreal-testing-debugging,unreal-module-build,medium,domain_mapping,ueopenexr|asset|cook|package,email|translation|copywriting,ThirdParty\openexr\UEOpenExr.Build.cs
VHACD,ThirdParty,unreal-module-build,unreal-cpp-foundations,low,domain_mapping,vhacd|unreal|module,email|translation|copywriting,ThirdParty\VHACD\VHACD.Build.cs
VisualStudioDTE,ThirdParty,unreal-module-build,unreal-cpp-foundations,low,domain_mapping,visualstudiodte|unreal|module|visual,email|translation|copywriting,ThirdParty\Windows\VisualStudioDTE\VisualStudioDTE.Build.cs
Vorbis,ThirdParty,unreal-cpp-foundations,unreal-module-build,medium,domain_mapping,vorbis|audio|sound|metasound,email|translation|copywriting,ThirdParty\Vorbis\Vorbis.Build.cs
VorbisFile,ThirdParty,unreal-cpp-foundations,unreal-module-build,medium,domain_mapping,vorbisfile|audio|sound|metasound,email|translation|copywriting,ThirdParty\Vorbis\VorbisFile.Build.cs
VSPerfExternalProfiler,ThirdParty,unreal-module-build,unreal-cpp-foundations,low,domain_mapping,vsperfexternalprofiler|unreal|module|vsperf,email|translation|copywriting,ThirdParty\VSPerfExternalProfiler\VSPerfExternalProfiler.Build.cs
Vulkan,ThirdParty,unreal-testing-debugging,unreal-module-build,medium,domain_mapping,vulkan|render|shader|rhi,email|translation|copywriting,ThirdParty\Vulkan\Vulkan.Build.cs
WebRTC,ThirdParty,unreal-module-build,unreal-cpp-foundations,low,domain_mapping,webrtc|unreal|module|web,email|translation|copywriting,ThirdParty\WebRTC\WebRTC.Build.cs
WinHttp,ThirdParty,unreal-serialization-savegames,unreal-cpp-foundations,medium,domain_mapping,winhttp|network|online|replication,email|translation|copywriting,ThirdParty\WinHttp\WinHttp.Build.cs
WinPixEventRuntime,ThirdParty,unreal-module-build,unreal-cpp-foundations,low,domain_mapping,winpixeventruntime|unreal|module|pix,email|translation|copywriting,ThirdParty\Windows\PIX\WinPixEventRuntime.Build.cs
XAudio2_9,ThirdParty,unreal-cpp-foundations,unreal-module-build,medium,domain_mapping,xaudio2_9|audio|sound|metasound,email|translation|copywriting,ThirdParty\Windows\XAudio2_9\XAudio2_9.Build.cs
XInput,ThirdParty,unreal-module-build,unreal-cpp-foundations,low,domain_mapping,xinput|unreal|module,email|translation|copywriting,ThirdParty\Windows\XInput\XInput.Build.cs
xxhash,ThirdParty,unreal-module-build,unreal-cpp-foundations,low,domain_mapping,xxhash|unreal|module,email|translation|copywriting,ThirdParty\xxhash\xxhash.Build.cs
zlib,ThirdParty,unreal-testing-debugging,unreal-module-build,medium,domain_mapping,zlib|asset|cook|package,email|translation|copywriting,ThirdParty\zlib\zlib.Build.cs
